SpectrumID	Compound_Name	Ion_Source	Instrument	Compound_Source	PI	Data_Collector	Adduct	Precursor_MZ	ExactMass	Charge	CAS_Number	Pubmed_ID	Smiles	INCHI	INCHI_AUX	Library_Class	IonMode	UpdateWorkflowName	LibraryQualityString	#Scan#	SpectrumFile	LibraryName	MQScore	Organism	TIC_Query	RT_Query	MZErrorPPM	SharedPeaks	MassDiff	LibMZ	SpecMZ	SpecCharge	FileScanUniqueID	NumberHits	tags	MoleculeExplorerDatasets	MoleculeExplorerFiles	InChIKey	InChIKey-Planar	superclass	class	subclass	npclassifier_superclass	npclassifier_class	npclassifier_pathway
CCMSLIB00000578029	ADENOSINE	LC-ESI	Q-Exactive Plus	Commercial standard	Alexandrov Theodore	Prasad	M+H	268.1	267.097	0	58-61-7	60961	C1=NC2=C(C(=N1)N)N=CN2C3C(C(C(O3)CO)O)O	N/A	N/A	1	Positive	UPDATE-SINGLE-ANNOTATED-GOLD	Gold	18	spectra_filtered/specs_ms.mgf	lib-00026.mgf	0.982075	GNPS-EMBL-MCF	128880000.0	78.747	13.7733	7	0.00369263	268.1	268.10400000000004	1	spectra_filtered/specs_ms.mgf18	1		9	774	OIRDTQYFTABQOQ-UHFFFAOYSA-N	OIRDTQYFTABQOQ	N/A	N/A	N/A	Nucleosides	Purine nucleos(t)ides	Carbohydrates
CCMSLIB00005463691	oxo-C10-HSL	LC-ESI	Orbitrap	Commercial	Rodrigues	Rodrigues	M+H	270.169	0.0	0	 	 	 	 	 	3	Positive	UPDATE-SINGLE-ANNOTATED-BRONZE	Bronze	469	spectra_filtered/specs_ms.mgf	lib-00045.mgf	0.9773299999999999	GNPS-LIBRARY	83520000.0	653.847	3.72759	10	0.00100708	270.169	270.17	1	spectra_filtered/specs_ms.mgf469	1		0	0	N/A	N/A	N/A	N/A	N/A	N/A	N/A	N/A
CCMSLIB00003136412	Spectral Match to Nonaethylene glycol from NIST14	ESI	QqQ	Isolated	Data from Piel	Data deposited by eriche	M+H	415.25	0.0	1	3386183	N/A	N/A	N/A	N/A	3	Positive	UPDATE-SINGLE-ANNOTATED-BRONZE	Bronze	113	spectra_filtered/specs_ms.mgf	lib-00018.mgf	0.971548	GNPS-NIST14-MATCHES	163280000.0	421.00199999999995	6.98175	8	0.00289917	415.25	415.25300000000004	1	spectra_filtered/specs_ms.mgf113	1		152	13625	N/A	N/A	N/A	N/A	N/A	N/A	N/A	N/A
CCMSLIB00003138526	Spectral Match to 1-(9Z-Octadecenoyl)-sn-glycero-3-phosphocholine from NIST14	ESI	HCD	Isolated	Data from Wolfender/Litaudon	Data deposited by pmallard	M+H	522.36	0.0	1	19420565	N/A	N/A	N/A	N/A	3	Positive	UPDATE-SINGLE-ANNOTATED-BRONZE	Bronze	1014	spectra_filtered/specs_ms.mgf	lib-00018.mgf	0.9698209999999999	GNPS-NIST14-MATCHES	40490000.0	854.177	10.1655	8	0.00531006	522.36	522.355	1	spectra_filtered/specs_ms.mgf1014	1		165	10741	N/A	N/A	N/A	N/A	N/A	N/A	N/A	N/A
CCMSLIB00000208325	Massbank:EA030610 Terbutryn|2-N-tert-butyl-4-N-ethyl-6-methylsulfanyl-1,3,5-triazine-2,4-diamine	ESI	LC-ESI-ITFT	Isolated	Putative Massbank Match	Massbank	[M+H]+	242.143	0.0	1	886-50-0	N/A	c1(nc(nc(n1)SC)NCC)NC(C)(C)C	1S/C10H19N5S/c1-6-11-7-12-8(15-10(2,3)4)14-9(13-7)16-5/h6H2,1-5H3,(H2,11,12,13,14,15)	N/A	3	Positive	UPDATE-SINGLE-ANNOTATED-BRONZE	Bronze	437	spectra_filtered/specs_ms.mgf	lib-00050.mgf	0.965032	MASSBANK	132950000.0	618.0369999999999	0.819203	6	0.00019836400000000003	242.143	242.143	1	spectra_filtered/specs_ms.mgf437	1		0	0	IROINLKCQGIITA-UHFFFAOYSA-N	IROINLKCQGIITA	N/A	N/A	N/A			Alkaloids
CCMSLIB00003138740	Spectral Match to 1-Hexadecanoyl-2-(9Z-octadecenoyl)-sn-glycero-3-phosphocholine from NIST14	ESI	qTof	Isolated	Data from James McKerrow	Data deposited by daniel	M+Na	782.568	759.578	1	26853316	N/A	CCCCCCCCCCCCCCCC(=O)OC[C@H](COP(=O)([O-])OCC[N+](C)(C)C)OC(=O)CCCCCCC/C=C\CCCCCCCC	InChI=1S/C42H82NO8P/c1-6-8-10-12-14-16-18-20-21-23-25-27-29-31-33-35-42(45)51-40(39-50-52(46,47)49-37-36-43(3,4)5)38-48-41(44)34-32-30-28-26-24-22-19-17-15-13-11-9-7-2/h20-21,40H,6-19,22-39H2,1-5H3/b21-20-/t40-/m1/s1	N/A	3	Positive	UPDATE-SINGLE-ANNOTATED-BRONZE	Bronze	2597	spectra_filtered/specs_ms.mgf	lib-00018.mgf	0.9571700000000001	GNPS-NIST14-MATCHES	69140000.0	1345.23	0.389967	6	0.000305176	782.568	782.568	1	spectra_filtered/specs_ms.mgf2597	1		212	18517	WTJKGGKOPKCXLL-VYOBOKEXSA-N	WTJKGGKOPKCXLL	N/A	N/A	N/A	N/A	N/A	N/A
CCMSLIB00003138141	Spectral Match to Linoleoyl ethanolamide from NIST14	ESI	qTof	Isolated	Data from Wolfender/Litaudon	Data deposited by pmallard	M+H	324.29	323.282	1	68171528	N/A	CCCCC/C=C\C/C=C\CCCCCCCC(=O)NCCO	InChI=1S/C20H37NO2/c1-2-3-4-5-6-7-8-9-10-11-12-13-14-15-16-17-20(23)21-18-19-22/h6-7,9-10,22H,2-5,8,11-19H2,1H3,(H,21,23)/b7-6-,10-9-	N/A	3	Positive	UPDATE-SINGLE-ANNOTATED-BRONZE	Bronze	1167	spectra_filtered/specs_ms.mgf	lib-00018.mgf	0.9541360000000001	GNPS-NIST14-MATCHES	82980000.0	896.753	1.5998	9	0.000518799	324.29	324.289	1	spectra_filtered/specs_ms.mgf1167	1		18	2149	KQXDGUVSAAQARU-HZJYTTRNSA-N	KQXDGUVSAAQARU	N/A	N/A	N/A	Fatty amides	N-acyl ethanolamines (endocannabinoids)	Fatty acids
CCMSLIB00003136281	Spectral Match to 13S-Hydroxy-9Z,11E,15Z-octadecatrienoic acid from NIST14	ESI	HCD	Isolated	Data from Wolfender/Litaudon	Data deposited by pmallard	M+H-H2O	277.216	0.0	1	87984825	N/A	N/A	N/A	N/A	3	Positive	UPDATE-SINGLE-ANNOTATED-BRONZE	Bronze	912	spectra_filtered/specs_ms.mgf	lib-00018.mgf	0.9539110000000001	GNPS-NIST14-MATCHES	59840000.0	833.082	0.0	12	0.0	277.216	277.216	1	spectra_filtered/specs_ms.mgf912	1		57	2159	N/A	N/A	N/A	N/A	N/A	N/A	N/A	N/A
CCMSLIB00000853310	NCGC00386092-01_C11H18N2O4_	LC-ESI	Maxis II HD Q-TOF Bruker	isolated	Jadhav/Dorrestein	lfnothias	M+H	243.134	242.127	1	n/a	n/a	CC(=O)N(O)CCCCCN1C(=O)CCC1=O	InChI=1S/C11H18N2O4/c1-9(14)13(17)8-4-2-3-7-12-10(15)5-6-11(12)16/h17H,2-8H2,1H3	N/A	1	positive	UPDATE-SINGLE-ANNOTATED-GOLD	Gold	74	spectra_filtered/specs_ms.mgf	lib-00051.mgf	0.9503209999999999	GNPS-NIH-NATURALPRODUCTSLIBRARY_ROUND2_POSITIVE	29150000.0	398.055	1.63173	9	0.000396729	243.134	243.13400000000001	1	spectra_filtered/specs_ms.mgf74	1		1	1	DMQLFAQJZUWLKV-UHFFFAOYSA-N	DMQLFAQJZUWLKV	N/A	N/A	N/A			Alkaloids
CCMSLIB00003134682	Spectral Match to 9S-Hydroxy-10E,12Z,15Z-octadecatrienoic acid from NIST14	ESI	qTof	Isolated	Data from Wolfender/Litaudon	Data deposited by pmallard	M+H-H2O	277.216	294.22	1	89886420	N/A	CC/C=C\C/C=C\C=C\[C@H](CCCCCCCC(=O)O)O	InChI=1S/C18H30O3/c1-2-3-4-5-6-8-11-14-17(19)15-12-9-7-10-13-16-18(20)21/h3-4,6,8,11,14,17,19H,2,5,7,9-10,12-13,15-16H2,1H3,(H,20,21)/b4-3-,8-6-,14-11+/t17-/m1/s1	N/A	3	Positive	UPDATE-SINGLE-ANNOTATED-BRONZE	Bronze	891	spectra_filtered/specs_ms.mgf	lib-00018.mgf	0.9494790000000001	GNPS-NIST14-MATCHES	48720000.0	829.762	0.330258	11	9.15527e-05	277.216	277.216	1	spectra_filtered/specs_ms.mgf891	1		57	2842	RIGGEAZDTKMXSI-MEBVTJQTSA-N	RIGGEAZDTKMXSI	N/A	N/A	N/A	Octadecanoids	Other Octadecanoids	Fatty acids
CCMSLIB00003139645	Spectral Match to Octabenzone from NIST14	ESI	qTof	Isolated	Data from Wolfender/Litaudon	Data deposited by pmallard	M+H	327.195	326.188	1	1843056	N/A	CCCCCCCCOC1=CC(=C(C=C1)C(=O)C2=CC=CC=C2)O	InChI=1S/C21H26O3/c1-2-3-4-5-6-10-15-24-18-13-14-19(20(22)16-18)21(23)17-11-8-7-9-12-17/h7-9,11-14,16,22H,2-6,10,15H2,1H3	N/A	3	Positive	UPDATE-SINGLE-ANNOTATED-BRONZE	Bronze	1705	spectra_filtered/specs_ms.mgf	lib-00018.mgf	0.9490940000000001	GNPS-NIST14-MATCHES	138930000.0	1022.61	1.49232	8	0.00048828099999999997	327.195	327.195	1	spectra_filtered/specs_ms.mgf1705	1		2	7	QUAMTGJKVDWJEQ-UHFFFAOYSA-N	QUAMTGJKVDWJEQ	N/A	N/A	N/A	Phloroglucinols	Acyl phloroglucinols	Polyketides
CCMSLIB00003138827	Spectral Match to 9S-Hydroxy-10E,12Z,15Z-octadecatrienoic acid from NIST14	ESI	HCD	Isolated	Data from Wolfender/Litaudon	Data deposited by pmallard	M+H-H2O	277.216	0.0	1	89886420	N/A	N/A	N/A	N/A	3	Positive	UPDATE-SINGLE-ANNOTATED-BRONZE	Bronze	734	spectra_filtered/specs_ms.mgf	lib-00018.mgf	0.946794	GNPS-NIST14-MATCHES	57900000.0	773.684	0.0	11	0.0	277.216	277.216	1	spectra_filtered/specs_ms.mgf734	1		57	2842	N/A	N/A	N/A	N/A	N/A	N/A	N/A	N/A
CCMSLIB00003138120	Spectral Match to Didodecyl 3,3'-thiodipropionate oxide from NIST14	ESI	QqQ	Isolated	Data from Pieter Dorrestein	Data deposited by lfnothias	M+H	531.408	0.0	1	17243140	N/A	N/A	N/A	N/A	3	Positive	UPDATE-SINGLE-ANNOTATED-BRONZE	Bronze	2213	spectra_filtered/specs_ms.mgf	lib-00018.mgf	0.9466549999999999	GNPS-NIST14-MATCHES	33250000.0	1184.6	1.49312	8	0.000793457	531.408	531.4069999999999	1	spectra_filtered/specs_ms.mgf2213	1		111	5870	N/A	N/A	N/A	N/A	N/A	N/A	N/A	N/A
CCMSLIB00003137749	Spectral Match to Phe-Pro from NIST14	ESI	Q-TOF	Isolated	Data from Pieter Dorrestein	Data deposited by lfnothias	M+H-H2O	245.129	0.0	1	N/A	N/A	N/A	N/A	N/A	3	Positive	UPDATE-SINGLE-ANNOTATED-BRONZE	Bronze	203	spectra_filtered/specs_ms.mgf	lib-00018.mgf	0.93904	GNPS-NIST14-MATCHES	54530000.0	465.912	4.046119999999999	6	0.0009918210000000002	245.129	245.128	1	spectra_filtered/specs_ms.mgf203	1		74	4315	N/A	N/A	N/A	N/A	N/A	N/A	N/A	N/A
CCMSLIB00003136281	Spectral Match to 13S-Hydroxy-9Z,11E,15Z-octadecatrienoic acid from NIST14	ESI	HCD	Isolated	Data from Wolfender/Litaudon	Data deposited by pmallard	M+H-H2O	277.216	0.0	1	87984825	N/A	N/A	N/A	N/A	3	Positive	UPDATE-SINGLE-ANNOTATED-BRONZE	Bronze	381	spectra_filtered/specs_ms.mgf	lib-00018.mgf	0.93671	GNPS-NIST14-MATCHES	37610000.0	589.144	0.330258	12	9.15527e-05	277.216	277.216	1	spectra_filtered/specs_ms.mgf381	1		57	2159	N/A	N/A	N/A	N/A	N/A	N/A	N/A	N/A
CCMSLIB00003136281	Spectral Match to 13S-Hydroxy-9Z,11E,15Z-octadecatrienoic acid from NIST14	ESI	HCD	Isolated	Data from Wolfender/Litaudon	Data deposited by pmallard	M+H-H2O	277.216	0.0	1	87984825	N/A	N/A	N/A	N/A	3	Positive	UPDATE-SINGLE-ANNOTATED-BRONZE	Bronze	886	spectra_filtered/specs_ms.mgf	lib-00018.mgf	0.936291	GNPS-NIST14-MATCHES	60420000.0	826.16	0.330258	12	9.15527e-05	277.216	277.216	1	spectra_filtered/specs_ms.mgf886	1		57	2159	N/A	N/A	N/A	N/A	N/A	N/A	N/A	N/A
CCMSLIB00010110355	Antipiricullin CollisionEnergy:102040	LC-ESI	Orbitrap	Commercial	Trent Northen	JGI	M+Na	571.263	0.0	1	N/A	N/A	CCCCCCC1C(=O)OC(C)C(N=C(O)c2cccc(N=CO)c2O)C(=O)OC(C)C1OC(=O)CC(C)C	"""InChI=1S/C28H40N2O9/c1-6-7-8-9-11-20-25(39-22(32)14-16(2)3)18(5)38-28(36)23(17(4)37-27(20)35)30-26(34)19-12-10-13-21(24(19)33)29-15-31/h10,12-13,15-18,20,23,25,33H,6-9,11,14H2,1-5H3,(H,29,31)(H,30,34)/t17-,18+,20-,23+,25+/m1/s1"""	N/A	3	Positive	UPDATE-SINGLE-ANNOTATED-BRONZE	Bronze	1332	spectra_filtered/specs_ms.mgf	lib-00011.mgf	0.9358059999999999	BERKELEY-LAB	142240000.0	935.2330000000001	1.7094799999999999	10	0.0009765619999999999	571.263	571.262	1	spectra_filtered/specs_ms.mgf1332	1		0	0	UIFFUZWRFRDZJC-UHFFFAOYSA-N	UIFFUZWRFRDZJC	N/A	N/A	N/A	Macrolides		Polyketides
CCMSLIB00003134812	Spectral Match to 9(10)-EpOME from NIST14	ESI	HCD	Isolated	Data from Gabriel Haddad	Data deposited by mjmeehan	M+H-H2O	279.231	0.0	1	N/A	N/A	N/A	N/A	N/A	3	Positive	UPDATE-SINGLE-ANNOTATED-BRONZE	Bronze	1351	spectra_filtered/specs_ms.mgf	lib-00018.mgf	0.9354399999999999	GNPS-NIST14-MATCHES	68010000.0	939.038	2.5137	10	0.0007019039999999999	279.231	279.232	1	spectra_filtered/specs_ms.mgf1351	1		139	15387	N/A	N/A	N/A	N/A	N/A	N/A	N/A	N/A
CCMSLIB00005722045	NCGC00180673-03!1,12,23-trihydroxy-1,6,12,17,23,28-hexazacyclotritriacontane-2,5,13,16,24,27-hexone [IIN-based: Match]	LC-ESI	Orbitrap	Commercial	Pieter Dorrestein	lfnothias/robinschmid	[M+H]+	601.355	600.348	1	N/A	N/A	ON1CCCCCNC(=O)CCC(=O)N(O)CCCCCNC(=O)CCC(=O)N(O)CCCCCNC(=O)CCC1=O	InChI=1S/C27H48N6O9/c34-22-10-14-26(38)32(41)20-8-3-6-18-30-24(36)12-15-27(39)33(42)21-9-2-5-17-29-23(35)11-13-25(37)31(40)19-7-1-4-16-28-22/h40-42H,1-21H2,(H,28,34)(H,29,35)(H,30,36)	N/A	3	Positive	UPDATE-SINGLE-ANNOTATED-BRONZE	Bronze	166	spectra_filtered/specs_ms.mgf	lib-00051.mgf	0.934111	GNPS-NIH-NATURALPRODUCTSLIBRARY_ROUND2_POSITIVE	43070000.0	447.724	0.30448800000000004	13	0.000183105	601.355	601.354	1	spectra_filtered/specs_ms.mgf166	1		0	0	NHKCCADZVLTPPO-UHFFFAOYSA-N	NHKCCADZVLTPPO	N/A	N/A	N/A	Oligopeptides	Cyclic peptides	Amino acids and Peptides
CCMSLIB00005884607	D-PANTOTHENIC ACID - 40.0 eV	ESI	Orbitrap	Isolated	Madeleine Ernst	Anna Abrahamsson	M+H	220.118	0.0	1	137-08-6	N/A	CC(C)(CO)C(O)C(=O)NCCC(O)=O	N/A	N/A	1	Positive	UPDATE-SINGLE-ANNOTATED-GOLD	Gold	28	spectra_filtered/specs_ms.mgf	lib-00045.mgf	0.9330719999999999	GNPS-LIBRARY	14840000.0	176.11599999999999	0.901172	9	0.00019836400000000003	220.118	220.118	1	spectra_filtered/specs_ms.mgf28	1		0	0	GHOKWGTUZJEAQD-UHFFFAOYSA-N	GHOKWGTUZJEAQD	N/A	N/A	N/A	Small peptides	Dipeptides	Amino acids and Peptides
CCMSLIB00003136281	Spectral Match to 13S-Hydroxy-9Z,11E,15Z-octadecatrienoic acid from NIST14	ESI	HCD	Isolated	Data from Wolfender/Litaudon	Data deposited by pmallard	M+H-H2O	277.216	0.0	1	87984825	N/A	N/A	N/A	N/A	3	Positive	UPDATE-SINGLE-ANNOTATED-BRONZE	Bronze	790	spectra_filtered/specs_ms.mgf	lib-00018.mgf	0.932159	GNPS-NIST14-MATCHES	34310000.0	800.4119999999999	0.330258	11	9.15527e-05	277.216	277.216	1	spectra_filtered/specs_ms.mgf790	1		57	2159	N/A	N/A	N/A	N/A	N/A	N/A	N/A	N/A
CCMSLIB00003135779	Spectral Match to cis-9-Hexadecenoic acid from NIST14	ESI	qTof	Isolated	Data from Wolfender/Litaudon	Data deposited by pmallard	M+H-H2O	237.221	254.225	1	373499	N/A	CCCCCC/C=C\CCCCCCCC(=O)O	InChI=1S/C16H30O2/c1-2-3-4-5-6-7-8-9-10-11-12-13-14-15-16(17)18/h7-8H,2-6,9-15H2,1H3,(H,17,18)/b8-7-	N/A	3	Positive	UPDATE-SINGLE-ANNOTATED-BRONZE	Bronze	1178	spectra_filtered/specs_ms.mgf	lib-00018.mgf	0.930465	GNPS-NIST14-MATCHES	68620000.0	900.085	0.900523	10	0.000213623	237.221	237.22099999999998	1	spectra_filtered/specs_ms.mgf1178	1		45	4036	SECPZKHBENQXJG-FPLPWBNLSA-N	SECPZKHBENQXJG	N/A	N/A	N/A	Fatty Acids and Conjugates	Unsaturated fatty acids	Fatty acids
CCMSLIB00003137398	Spectral Match to His-Pro from NIST14	ESI	qTof	Isolated	Data from Pieter Dorrestein	Data deposited by lfnothias	M+H-H2O	235.115	252.122	1	N/A	N/A	C1C[C@H](N(C1)C(=O)[C@H](CC2=CN=CN2)N)C(=O)O	InChI=1S/C11H16N4O3/c12-8(4-7-5-13-6-14-7)10(16)15-3-1-2-9(15)11(17)18/h5-6,8-9H,1-4,12H2,(H,13,14)(H,17,18)/t8-,9-/m0/s1	N/A	3	Positive	UPDATE-SINGLE-ANNOTATED-BRONZE	Bronze	16	spectra_filtered/specs_ms.mgf	lib-00018.mgf	0.929891	GNPS-NIST14-MATCHES	13160000.0	78.39399999999999	15.7056	6	0.00369263	235.115	235.11900000000003	1	spectra_filtered/specs_ms.mgf16	1		37	1659	LNCFUHAPNTYMJB-IUCAKERBSA-N	LNCFUHAPNTYMJB	N/A	N/A	N/A	Small peptides	Dipeptides	Amino acids and Peptides
CCMSLIB00003136281	Spectral Match to 13S-Hydroxy-9Z,11E,15Z-octadecatrienoic acid from NIST14	ESI	HCD	Isolated	Data from Wolfender/Litaudon	Data deposited by pmallard	M+H-H2O	277.216	0.0	1	87984825	N/A	N/A	N/A	N/A	3	Positive	UPDATE-SINGLE-ANNOTATED-BRONZE	Bronze	353	spectra_filtered/specs_ms.mgf	lib-00018.mgf	0.929156	GNPS-NIST14-MATCHES	73450000.0	570.2869999999999	0.330258	11	9.15527e-05	277.216	277.216	1	spectra_filtered/specs_ms.mgf353	1		57	2159	N/A	N/A	N/A	N/A	N/A	N/A	N/A	N/A
CCMSLIB00005463708	9-(4-aminophenyl)-3,7-dihydroxy-2,4,6-trimethyl-9-oxo-nonoic acid (candicidin related)	LC-ESI	Orbitrap	Crude	Neil Kelleher	Michael Mullowney	M+H	338.196	337.189	1	 	 	O=C(CC(O)C(CC(C)C(O)C(C(O)=O)C)C)C1=CC=C(N)C=C1	 	 	3	Positive	UPDATE-SINGLE-ANNOTATED-BRONZE	Bronze	271	spectra_filtered/specs_ms.mgf	lib-00045.mgf	0.9285100000000001	GNPS-LIBRARY	48190000.0	507.898	0.631655	12	0.000213623	338.196	338.19599999999997	1	spectra_filtered/specs_ms.mgf271	1		0	0	UHZAKFDEIOBYGZ-UHFFFAOYSA-N	UHZAKFDEIOBYGZ	N/A	N/A	N/A	Linear polyketides	Open-chain polyketides	Polyketides
CCMSLIB00000531507	Antimycin A3	LC-ESI	qTof	Lysate	Dorrestein	Liangyu Chen	M+H	521.258	520.57	0	522-70-3	 	CCCCC1C(C(OC(=O)C(C(OC1=O)C)NC(=O)C2=C(C(=CC=C2)NC=O)O)C)OC(=O)CC(C)C	1S/C26H36N2O9/c1-6-7-9-18-23(37-20(30)12-14(2)3)16(5)36-26(34)21(15(4)35-25(18)33)28-24(32)17-10-8-11-19(22(17)31)27-13-29/h8,10-11,13-16,18,21,23,31H,6-7,9,12H2,1-5H3,(H,27,29)(H,28,32)/t15-,16+,18-,21+,23+/m1/s1	 	3	Positive	UPDATE-SINGLE-ANNOTATED-BRONZE	Bronze	1042	spectra_filtered/specs_ms.mgf	lib-00045.mgf	0.9262030000000001	GNPS-LIBRARY	25190000.0	866.615	17.4467	7	0.00909424	521.258	521.249	1	spectra_filtered/specs_ms.mgf1042	1		7	58	PVEVXUMVNWSNIG-UHFFFAOYSA-N	PVEVXUMVNWSNIG	N/A	N/A	N/A	Macrolides	Antimycins	Amino acids and Peptides|Polyketides
CCMSLIB00005463694	oxo-C12-HSL	LC-ESI	Orbitrap	Commercial	Rodrigues	Rodrigues	M+H	298.201	0.0	0	 	 	 	 	 	3	Positive	UPDATE-SINGLE-ANNOTATED-BRONZE	Bronze	588	spectra_filtered/specs_ms.mgf	lib-00045.mgf	0.92227	GNPS-LIBRARY	79050000.0	726.952	0.7163729999999999	11	0.000213623	298.201	298.20099999999996	1	spectra_filtered/specs_ms.mgf588	1		0	0	N/A	N/A	N/A	N/A	N/A	N/A	N/A	N/A
CCMSLIB00005884607	D-PANTOTHENIC ACID - 40.0 eV	ESI	Orbitrap	Isolated	Madeleine Ernst	Anna Abrahamsson	M+H	220.118	0.0	1	137-08-6	N/A	CC(C)(CO)C(O)C(=O)NCCC(O)=O	N/A	N/A	1	Positive	UPDATE-SINGLE-ANNOTATED-GOLD	Gold	26	spectra_filtered/specs_ms.mgf	lib-00045.mgf	0.917538	GNPS-LIBRARY	8530000.0	167.899	0.901172	9	0.00019836400000000003	220.118	220.118	1	spectra_filtered/specs_ms.mgf26	1		0	0	GHOKWGTUZJEAQD-UHFFFAOYSA-N	GHOKWGTUZJEAQD	N/A	N/A	N/A	Small peptides	Dipeptides	Amino acids and Peptides
CCMSLIB00003136281	Spectral Match to 13S-Hydroxy-9Z,11E,15Z-octadecatrienoic acid from NIST14	ESI	HCD	Isolated	Data from Wolfender/Litaudon	Data deposited by pmallard	M+H-H2O	277.216	0.0	1	87984825	N/A	N/A	N/A	N/A	3	Positive	UPDATE-SINGLE-ANNOTATED-BRONZE	Bronze	544	spectra_filtered/specs_ms.mgf	lib-00018.mgf	0.9171290000000001	GNPS-NIST14-MATCHES	59490000.0	697.452	0.330258	11	9.15527e-05	277.216	277.216	1	spectra_filtered/specs_ms.mgf544	1		57	2159	N/A	N/A	N/A	N/A	N/A	N/A	N/A	N/A
CCMSLIB00000531507	Antimycin A3	LC-ESI	qTof	Lysate	Dorrestein	Liangyu Chen	M+H	521.258	520.57	0	522-70-3	 	CCCCC1C(C(OC(=O)C(C(OC1=O)C)NC(=O)C2=C(C(=CC=C2)NC=O)O)C)OC(=O)CC(C)C	1S/C26H36N2O9/c1-6-7-9-18-23(37-20(30)12-14(2)3)16(5)36-26(34)21(15(4)35-25(18)33)28-24(32)17-10-8-11-19(22(17)31)27-13-29/h8,10-11,13-16,18,21,23,31H,6-7,9,12H2,1-5H3,(H,27,29)(H,28,32)/t15-,16+,18-,21+,23+/m1/s1	 	3	Positive	UPDATE-SINGLE-ANNOTATED-BRONZE	Bronze	1028	spectra_filtered/specs_ms.mgf	lib-00045.mgf	0.91381	GNPS-LIBRARY	47170000.0	858.809	17.4467	7	0.00909424	521.258	521.249	1	spectra_filtered/specs_ms.mgf1028	1		7	58	PVEVXUMVNWSNIG-UHFFFAOYSA-N	PVEVXUMVNWSNIG	N/A	N/A	N/A	Macrolides	Antimycins	Amino acids and Peptides|Polyketides
CCMSLIB00005466073	Rhamnolipid C10-C10 base lipid no sugar	LC-ESI	qTof	Lysate	Quinn	Raghuvanshi	M+H	359.279	0.0	1	 	 	 	 	 	3	Positive	UPDATE-SINGLE-ANNOTATED-BRONZE	Bronze	953	spectra_filtered/specs_ms.mgf	lib-00045.mgf	0.9078360000000001	GNPS-LIBRARY	17850000.0	840.1010000000001	0.5096470000000001	8	0.000183105	359.279	359.279	1	spectra_filtered/specs_ms.mgf953	1		0	0	N/A	N/A	N/A	N/A	N/A	N/A	N/A	N/A
CCMSLIB00005725033	1-methyl-4-methylidene-7-(propan-2-yl)-1,2,3,3a,4,5,6,8a-octahydroazulen-1-ol	ESI	Orbitrap	Isolated	Wolfender	Luis Quiros-Guerrero	M-H2O+H	203.179	220.183	1	N/A	N/A	CC(C)C(CCC(C1CC2)=C)=CC1C2(C)O	InChI=1S/C15H24O/c1-10(2)12-6-5-11(3)13-7-8-15(4,16)14(13)9-12/h9-10,13-14,16H,3,5-8H2,1-2,4H3	N/A	1	Positive	UPDATE-SINGLE-ANNOTATED-GOLD	Gold	968	spectra_filtered/specs_ms.mgf	lib-00045.mgf	0.904324	GNPS-LIBRARY	106600000.0	843.123	1.95261	9	0.000396729	203.179	203.179	1	spectra_filtered/specs_ms.mgf968	1		0	0	BUPJOLXWQXEJSQ-UHFFFAOYSA-N	BUPJOLXWQXEJSQ	N/A	N/A	N/A	Sesquiterpenoids	Guaiane sesquiterpenoids	Terpenoids
CCMSLIB00000479758	Antimycin A4-CDM-BAW-AED	LC-ESI	qTof	Commercial	DAS	Oman	M+H	507.234	0.0	1	 	 	 	 	 	3	Positive	UPDATE-SINGLE-ANNOTATED-BRONZE	Bronze	948	spectra_filtered/specs_ms.mgf	lib-00045.mgf	0.9042120000000001	GNPS-LIBRARY	19550000.0	840.06	1.8049400000000002	6	0.000915527	507.234	507.233	1	spectra_filtered/specs_ms.mgf948	1		2	31	N/A	N/A	N/A	N/A	N/A	N/A	N/A	N/A
CCMSLIB00003135453	Spectral Match to 9-Octadecenamide, (Z)- from NIST14	ESI	QQQ	Isolated	Data from Wolfender/Litaudon	Data deposited by pmallard	M+H	282.279	281.272	1	301020	N/A	CCCCCCCC/C=C\CCCCCCCC(=O)N	InChI=1S/C18H35NO/c1-2-3-4-5-6-7-8-9-10-11-12-13-14-15-16-17-18(19)20/h9-10H,2-8,11-17H2,1H3,(H2,19,20)/b10-9-	N/A	3	Positive	UPDATE-SINGLE-ANNOTATED-BRONZE	Bronze	1534	spectra_filtered/specs_ms.mgf	lib-00018.mgf	0.9038219999999999	GNPS-NIST14-MATCHES	32960000.0	981.328	0.324334	10	9.15527e-05	282.279	282.279	1	spectra_filtered/specs_ms.mgf1534	1		157	10649	FATBGEAMYMYZAF-KTKRTIGZSA-N	FATBGEAMYMYZAF	N/A	N/A	N/A	Fatty amides	Primary amides	Fatty acids
CCMSLIB00004698570	dehydroxynocardamine	N/A	ESI-QFT	isolated	MoNA	MoNA:VF-NPL-QEHF007507	[M+H]+	585.361	0.0	1	N/A	N/A	N/A	InChI=1S/C27H48N6O8/c34-22-10-11-23(35)29-18-6-2-8-20-32(40)27(39)15-13-25(37)31-19-7-3-9-21-33(41)26(38)14-12-24(36)30-17-5-1-4-16-28-22/h40-41H,1-21H2,(H,28,34)(H,29,35)(H,30,36)(H,31,37)	N/A	3	positive	UPDATE-SINGLE-ANNOTATED-BRONZE	Bronze	139	spectra_filtered/specs_ms.mgf	lib-00003.mgf	0.9032709999999999	MONA	39750000.0	436.00300000000004	2.29392	14	0.00134277	585.361	585.36	1	spectra_filtered/specs_ms.mgf139	1		0	0	ABHHIGWFFMCQOC-UHFFFAOYSA-N	ABHHIGWFFMCQOC	N/A	N/A	N/A	N/A	N/A	N/A
CCMSLIB00005766726	Massbank:LU100204 2,2'-(Tetradecylimino)diethanol|Tetradecyldiethanolamine	ESI	Hybrid FT	Isolated	Massbank	Massbank	M+H	302.305	0.0	1	18924-66-8	N/A	CCCCCCCCCCCCCCN(CCO)CCO	1S/C18H39NO2/c1-2-3-4-5-6-7-8-9-10-11-12-13-14-19(15-17-20)16-18-21/h20-21H,2-18H2,1H3	N/A	3	Positive	UPDATE-SINGLE-ANNOTATED-BRONZE	Bronze	624	spectra_filtered/specs_ms.mgf	lib-00050.mgf	0.8994719999999999	MASSBANK	17880000.0	736.6669999999999	0.40379899999999996	7	0.00012207	302.305	302.305	1	spectra_filtered/specs_ms.mgf624	1		0	0	CPHJEACXPATRSU-UHFFFAOYSA-N	CPHJEACXPATRSU	N/A	N/A	N/A	Fatty acyls|Fatty amides	Fatty alcohols|N-acyl ethanolamines (endocannabinoids)	Fatty acids
CCMSLIB00010010731	Gln-C15:0	ESI	qTof	Crude	Dorrestein	Emily Gentry	M+H	371.29	370.283	1	N/A	N/A	CCCCCCCCCCCCCCC(NC(C(O)=O)CCC(N)=O)=O	N/A	N/A	2	Positive	UPDATE-SINGLE-ANNOTATED-SILVER	Silver	880	spectra_filtered/specs_ms.mgf	lib-00039.mgf	0.8948299999999999	ECG-ACYL-AMIDES-C4-C24-LIBRARY	59990000.0	821.7339999999999	0.821934	6	0.000305176	371.29	371.29	1	spectra_filtered/specs_ms.mgf880	1		0	0	GBFGAVZSSPBCTA-UHFFFAOYSA-N	GBFGAVZSSPBCTA	N/A	N/A	N/A	Fatty amides	N-acyl amines	Fatty acids
CCMSLIB00003138827	Spectral Match to 9S-Hydroxy-10E,12Z,15Z-octadecatrienoic acid from NIST14	ESI	HCD	Isolated	Data from Wolfender/Litaudon	Data deposited by pmallard	M+H-H2O	277.216	0.0	1	89886420	N/A	N/A	N/A	N/A	3	Positive	UPDATE-SINGLE-ANNOTATED-BRONZE	Bronze	993	spectra_filtered/specs_ms.mgf	lib-00018.mgf	0.8917790000000001	GNPS-NIST14-MATCHES	95200000.0	850.53	0.330258	11	9.15527e-05	277.216	277.216	1	spectra_filtered/specs_ms.mgf993	1		57	2842	N/A	N/A	N/A	N/A	N/A	N/A	N/A	N/A
CCMSLIB00005739084	Massbank:PR311142 Cyclo(leucylprolyl)	ESI	qTof	Isolated	Massbank	Massbank	M+H	211.144	0.0	1	N/A	N/A	O=C1NC(C(=O)N2CCCC12)CC(C)C	1S/C11H18N2O2/c1-7(2)6-8-11(15)13-5-3-4-9(13)10(14)12-8/h7-9H,3-6H2,1-2H3,(H,12,14)	N/A	3	Positive	UPDATE-SINGLE-ANNOTATED-BRONZE	Bronze	158	spectra_filtered/specs_ms.mgf	lib-00050.mgf	0.878765	MASSBANK	30360000.0	443.162	0.939474	6	0.00019836400000000003	211.144	211.144	1	spectra_filtered/specs_ms.mgf158	1		0	0	SZJNCZMRZAUNQT-UHFFFAOYSA-N	SZJNCZMRZAUNQT	N/A	N/A	N/A	Small peptides	Dipeptides	Amino acids and Peptides
CCMSLIB00005747189	Massbank:PR310844 LPC 18:2	ESI	qTof	Isolated	Massbank	Massbank	M+H	520.341	0.0	1	N/A	N/A	O=C(OCC(O)COP(=O)([O-])OCC[N+](C)(C)C)CCCCCCCC=CCC=CCCCCC	1S/C26H50NO7P/c1-5-6-7-8-9-10-11-12-13-14-15-16-17-18-19-20-26(29)32-23-25(28)24-34-35(30,31)33-22-21-27(2,3)4/h9-10,12-13,25,28H,5-8,11,14-24H2,1-4H3	N/A	3	Positive	UPDATE-SINGLE-ANNOTATED-BRONZE	Bronze	799	spectra_filtered/specs_ms.mgf	lib-00050.mgf	0.8749819999999999	MASSBANK	101590000.0	801.5930000000001	3.63625	8	0.00189209	520.341	520.339	1	spectra_filtered/specs_ms.mgf799	1		0	0	SPJFYYJXNPEZDW-UHFFFAOYSA-N	SPJFYYJXNPEZDW	N/A	N/A	N/A	N/A	N/A	N/A
CCMSLIB00011905974	Desferrioxamine D2	ESI	Orbitrap	Isolated	Daniel Petras	"""Christian Geibel, Giovanni Andrea Vitale"""	M+H	587.34	586.333	1	N/A	N/A	C1CCNC(=O)CCC(=O)N(CCCCNC(=O)CCC(=O)N(CCCCCNC(=O)CCC(=O)N(CC1)O)O)O	N/A	N/A	1	Positive	UPDATE-SINGLE-ANNOTATED-GOLD	Gold	137	spectra_filtered/specs_ms.mgf	lib-00028.mgf	0.8684940000000001	TUEBINGEN-NATURAL-PRODUCT-COLLECTION	42770000.0	432.88599999999997	2.07836	14	0.0012207000000000001	587.34	587.339	1	spectra_filtered/specs_ms.mgf137	1		7	84	SXTGVXKFOVZYIK-UHFFFAOYSA-N	SXTGVXKFOVZYIK	N/A	N/A	N/A	Oligopeptides	Cyclic peptides	Amino acids and Peptides
CCMSLIB00004721131	ANTIMYCIN A (A1 shown)	N/A	ESI-QFT	isolated	MoNA	MoNA:VF-NPL-QEHF027550	[M+Na]+	557.247	0.0	1	N/A	N/A	N/A	InChI=1S/C27H38N2O9/c1-6-7-8-10-19-24(38-21(31)13-15(2)3)17(5)37-27(35)22(16(4)36-26(19)34)29-25(33)18-11-9-12-20(23(18)32)28-14-30/h9,11-12,14-17,19,22,24,32H,6-8,10,13H2,1-5H3,(H,28,30)(H,29,33)/t16-,17+,19-,22+,24+/m1/s1	N/A	3	positive	UPDATE-SINGLE-ANNOTATED-BRONZE	Bronze	1196	spectra_filtered/specs_ms.mgf	lib-00003.mgf	0.8684120000000001	MONA	35100000.0	906.165	0.876238	10	0.00048828099999999997	557.247	557.247	1	spectra_filtered/specs_ms.mgf1196	1		0	0	ZVYMCLIDNNTNCL-GFRRLMGDSA-N	ZVYMCLIDNNTNCL	N/A	N/A	N/A	N/A	N/A	N/A
CCMSLIB00010058541	TG(16:0/18:2/18:3); [M+NH4]+ C55H100N1O6	LC-ESI	HCD; Velos	Commercial	Thomas Metz	Thomas Metz	M+NH4	870.755	0.0	1	N/A	N/A	N/A	N/A	N/A	1	Positive	UPDATE-SINGLE-ANNOTATED-GOLD	Gold	1858	spectra_filtered/specs_ms.mgf	lib-00017.mgf	0.863456	PNNL-LIPIDS-POSITIVE	38680000.0	1064.22	1.4719799999999998	16	0.00128174	870.755	870.7539999999999	1	spectra_filtered/specs_ms.mgf1858	1		34	1698	N/A	N/A	N/A	N/A	N/A	N/A	N/A	N/A
CCMSLIB00010058541	TG(16:0/18:2/18:3); [M+NH4]+ C55H100N1O6	LC-ESI	HCD; Velos	Commercial	Thomas Metz	Thomas Metz	M+NH4	870.755	0.0	1	N/A	N/A	N/A	N/A	N/A	1	Positive	UPDATE-SINGLE-ANNOTATED-GOLD	Gold	2523	spectra_filtered/specs_ms.mgf	lib-00017.mgf	0.8633780000000001	PNNL-LIPIDS-POSITIVE	31880000.0	1318.44	1.19161	16	0.0010375999999999999	870.755	870.7539999999999	1	spectra_filtered/specs_ms.mgf2523	1		34	1698	N/A	N/A	N/A	N/A	N/A	N/A	N/A	N/A
CCMSLIB00005730509	Massbank:EQ363802 Triphenyl phosphate (TPP)|Triphenyl phosphate|Triphenoxyphosphine oxide	ESI	Hybrid FT	Isolated	Massbank	Massbank	M+H	327.078	0.0	1	115-86-6	N/A	C1=CC=C(C=C1)OP(=O)(OC2=CC=CC=C2)OC3=CC=CC=C3	1S/C18H15O4P/c19-23(20-16-10-4-1-5-11-16,21-17-12-6-2-7-13-17)22-18-14-8-3-9-15-18/h1-15H	N/A	3	Positive	UPDATE-SINGLE-ANNOTATED-BRONZE	Bronze	788	spectra_filtered/specs_ms.mgf	lib-00050.mgf	0.862574	MASSBANK	16880000.0	799.324	0.279911	11	9.15527e-05	327.078	327.078	1	spectra_filtered/specs_ms.mgf788	1		0	0	XZZNDPSIHUTMOC-UHFFFAOYSA-N	XZZNDPSIHUTMOC	N/A	N/A	N/A			Shikimates and Phenylpropanoids
CCMSLIB00003134722	Spectral Match to 9(10)-EpOME from NIST14	ESI	qTof	Isolated	Data from Wolfender/Litaudon	Data deposited by pmallard	M+H-H2O	279.232	296.235	1	N/A	N/A	CCCCC/C=C\CC1C(O1)CCCCCCCC(=O)O	InChI=1S/C18H32O3/c1-2-3-4-5-7-10-13-16-17(21-16)14-11-8-6-9-12-15-18(19)20/h7,10,16-17H,2-6,8-9,11-15H2,1H3,(H,19,20)/b10-7-	N/A	3	Positive	UPDATE-SINGLE-ANNOTATED-BRONZE	Bronze	376	spectra_filtered/specs_ms.mgf	lib-00018.mgf	0.86198	GNPS-NIST14-MATCHES	34340000.0	587.485	1.09291	8	0.000305176	279.232	279.232	1	spectra_filtered/specs_ms.mgf376	1		139	15387	FBUKMFOXMZRGRB-YFHOEESVSA-N	FBUKMFOXMZRGRB	N/A	N/A	N/A	Fatty Acids and Conjugates	Epoxy fatty acids	Fatty acids
CCMSLIB00003137650	Spectral Match to 9-Octadecenamide, (Z)- from NIST14	ESI	qTof	Isolated	Data from Wolfender/Litaudon	Data deposited by pmallard	M+H	282.28	281.272	1	301020	N/A	CCCCCCCC/C=C\CCCCCCCC(=O)N	InChI=1S/C18H35NO/c1-2-3-4-5-6-7-8-9-10-11-12-13-14-15-16-17-18(19)20/h9-10H,2-8,11-17H2,1H3,(H2,19,20)/b10-9-	N/A	3	Positive	UPDATE-SINGLE-ANNOTATED-BRONZE	Bronze	1503	spectra_filtered/specs_ms.mgf	lib-00018.mgf	0.8605	GNPS-NIST14-MATCHES	18550000.0	975.145	4.97311	8	0.00140381	282.28	282.279	1	spectra_filtered/specs_ms.mgf1503	1		157	10649	FATBGEAMYMYZAF-KTKRTIGZSA-N	FATBGEAMYMYZAF	N/A	N/A	N/A	Fatty amides	Primary amides	Fatty acids
CCMSLIB00010058541	TG(16:0/18:2/18:3); [M+NH4]+ C55H100N1O6	LC-ESI	HCD; Velos	Commercial	Thomas Metz	Thomas Metz	M+NH4	870.755	0.0	1	N/A	N/A	N/A	N/A	N/A	1	Positive	UPDATE-SINGLE-ANNOTATED-GOLD	Gold	1706	spectra_filtered/specs_ms.mgf	lib-00017.mgf	0.858031	PNNL-LIPIDS-POSITIVE	45910000.0	1024.66	1.54208	18	0.00134277	870.755	870.7539999999999	1	spectra_filtered/specs_ms.mgf1706	1		34	1698	N/A	N/A	N/A	N/A	N/A	N/A	N/A	N/A
CCMSLIB00010067264	TG(18:2/18:3/18:3); [M+NH4]+ C57H98N1O6	LC-ESI	HCD; Velos	Commercial	Thomas Metz	Thomas Metz	M+NH4	892.739	0.0	1	N/A	N/A	N/A	N/A	N/A	1	Positive	UPDATE-SINGLE-ANNOTATED-GOLD	Gold	1680	spectra_filtered/specs_ms.mgf	lib-00017.mgf	0.8578819999999999	PNNL-LIPIDS-POSITIVE	22780000.0	1021.13	1.84595	13	0.00164795	892.739	892.738	1	spectra_filtered/specs_ms.mgf1680	1		9	101	N/A	N/A	N/A	N/A	N/A	N/A	N/A	N/A
CCMSLIB00003139965	Spectral Match to trans-EKODE-(E)-Ib from NIST14	ESI	qTof	Isolated	Data from Wolfender/Litaudon	Data deposited by pmallard	M+H-H2O	293.211	310.214	1	478931827	N/A	CCCCCC1C(O1)C=CC(=O)CCCCCCCC(=O)O	InChI=1S/C18H30O4/c1-2-3-7-11-16-17(22-16)14-13-15(19)10-8-5-4-6-9-12-18(20)21/h13-14,16-17H,2-12H2,1H3,(H,20,21)	N/A	3	Positive	UPDATE-SINGLE-ANNOTATED-BRONZE	Bronze	735	spectra_filtered/specs_ms.mgf	lib-00018.mgf	0.855032	GNPS-NIST14-MATCHES	42480000.0	777.2389999999999	0.312242	10	9.15527e-05	293.211	293.211	1	spectra_filtered/specs_ms.mgf735	1		55	2461	RCMABBHQYMBYKV-UHFFFAOYSA-N	RCMABBHQYMBYKV	N/A	N/A	N/A	Octadecanoids	Other Octadecanoids	Fatty acids
CCMSLIB00003137723	Spectral Match to 9,12-Octadecadiynoic Acid from NIST14	ESI	qTof	Isolated	Data from Christopher A. Lowry	Data deposited by fevargas	M+H	277.215	276.209	1	2012148	N/A	CCCCCC#CCC#CCCCCCCCC(=O)O	InChI=1S/C18H28O2/c1-2-3-4-5-6-7-8-9-10-11-12-13-14-15-16-17-18(19)20/h2-5,8,11-17H2,1H3,(H,19,20)	N/A	3	Positive	UPDATE-SINGLE-ANNOTATED-BRONZE	Bronze	413	spectra_filtered/specs_ms.mgf	lib-00018.mgf	0.851692	GNPS-NIST14-MATCHES	45480000.0	604.632	3.96311	10	0.00109863	277.215	277.216	1	spectra_filtered/specs_ms.mgf413	1		19	628	KDYILQLPKVZDGB-UHFFFAOYSA-N	KDYILQLPKVZDGB	N/A	N/A	N/A	Fatty acyls	Hydrocarbons	Fatty acids
CCMSLIB00010092641	PC(16:0/20:5); [M+H]+ C44H79N1O8P1	LC-ESI	HCD; Velos	Commercial	Thomas Metz	Thomas Metz	M+H	780.554	0.0	1	N/A	N/A	N/A	N/A	N/A	1	Positive	UPDATE-SINGLE-ANNOTATED-GOLD	Gold	2601	spectra_filtered/specs_ms.mgf	lib-00017.mgf	0.8512620000000001	PNNL-LIPIDS-POSITIVE	68520000.0	1345.14	3.20598	7	0.00250244	780.554	780.552	1	spectra_filtered/specs_ms.mgf2601	1		165	11033	N/A	N/A	N/A	N/A	N/A	N/A	N/A	N/A
CCMSLIB00010071883	TG(16:0/18:3/18:3); [M+NH4]+ C55H98N1O6	LC-ESI	HCD; Velos	Commercial	Thomas Metz	Thomas Metz	M+NH4	868.739	0.0	1	N/A	N/A	N/A	N/A	N/A	1	Positive	UPDATE-SINGLE-ANNOTATED-GOLD	Gold	2282	spectra_filtered/specs_ms.mgf	lib-00017.mgf	0.850959	PNNL-LIPIDS-POSITIVE	18960000.0	1203.99	0.9836	10	0.000854492	868.739	868.7389999999999	1	spectra_filtered/specs_ms.mgf2282	1		5	292	N/A	N/A	N/A	N/A	N/A	N/A	N/A	N/A
CCMSLIB00000479757	Antimycin A3-CDM-BAW-AED	LC-ESI	qTof	Commercial	DAS	Oman	M+H	521.25	0.0	1	 	 	 	 	 	3	Positive	UPDATE-SINGLE-ANNOTATED-BRONZE	Bronze	988	spectra_filtered/specs_ms.mgf	lib-00045.mgf	0.8506670000000001	GNPS-LIBRARY	23510000.0	846.78	2.1076900000000003	8	0.00109863	521.25	521.249	1	spectra_filtered/specs_ms.mgf988	1		2	18	N/A	N/A	N/A	N/A	N/A	N/A	N/A	N/A
CCMSLIB00003137868	Spectral Match to 13-Keto-9Z,11E-octadecadienoic acid from NIST14	ESI	HCD	Isolated	Data from Wolfender/Litaudon	Data deposited by pmallard	M+H	295.227	0.0	1	54739309	N/A	N/A	N/A	N/A	3	Positive	UPDATE-SINGLE-ANNOTATED-BRONZE	Bronze	911	spectra_filtered/specs_ms.mgf	lib-00018.mgf	0.8504149999999999	GNPS-NIST14-MATCHES	13790000.0	833.127	1.65392	8	0.00048828099999999997	295.227	295.22700000000003	1	spectra_filtered/specs_ms.mgf911	1		90	6805	N/A	N/A	N/A	N/A	N/A	N/A	N/A	N/A
CCMSLIB00010067264	TG(18:2/18:3/18:3); [M+NH4]+ C57H98N1O6	LC-ESI	HCD; Velos	Commercial	Thomas Metz	Thomas Metz	M+NH4	892.739	0.0	1	N/A	N/A	N/A	N/A	N/A	1	Positive	UPDATE-SINGLE-ANNOTATED-GOLD	Gold	2534	spectra_filtered/specs_ms.mgf	lib-00017.mgf	0.85001	PNNL-LIPIDS-POSITIVE	19490000.0	1321.57	2.25616	15	0.00201416	892.739	892.737	1	spectra_filtered/specs_ms.mgf2534	1		9	101	N/A	N/A	N/A	N/A	N/A	N/A	N/A	N/A
CCMSLIB00010058541	TG(16:0/18:2/18:3); [M+NH4]+ C55H100N1O6	LC-ESI	HCD; Velos	Commercial	Thomas Metz	Thomas Metz	M+NH4	870.755	0.0	1	N/A	N/A	N/A	N/A	N/A	1	Positive	UPDATE-SINGLE-ANNOTATED-GOLD	Gold	2542	spectra_filtered/specs_ms.mgf	lib-00017.mgf	0.849928	PNNL-LIPIDS-POSITIVE	35940000.0	1324.39	1.3318	17	0.00115967	870.755	870.7539999999999	1	spectra_filtered/specs_ms.mgf2542	1		34	1698	N/A	N/A	N/A	N/A	N/A	N/A	N/A	N/A
CCMSLIB00010060146	TG(18:2/18:2/18:3); [M+NH4]+ C57H100N1O6	LC-ESI	HCD; Velos	Commercial	Thomas Metz	Thomas Metz	M+NH4	894.755	0.0	1	N/A	N/A	N/A	N/A	N/A	1	Positive	UPDATE-SINGLE-ANNOTATED-GOLD	Gold	1511	spectra_filtered/specs_ms.mgf	lib-00017.mgf	0.8489899999999999	PNNL-LIPIDS-POSITIVE	44840000.0	980.804	0.8185720000000001	16	0.0007324219999999999	894.755	894.7560000000001	1	spectra_filtered/specs_ms.mgf1511	1		13	272	N/A	N/A	N/A	N/A	N/A	N/A	N/A	N/A
CCMSLIB00003139895	Spectral Match to 9-Octadecenamide, (Z)- from NIST14	ESI	HCD	Isolated	Data from Wolfender/Litaudon	Data deposited by pmallard	M+H-NH3	265.252	0.0	1	301020	N/A	N/A	N/A	N/A	3	Positive	UPDATE-SINGLE-ANNOTATED-BRONZE	Bronze	1502	spectra_filtered/specs_ms.mgf	lib-00018.mgf	0.847724	GNPS-NIST14-MATCHES	45250000.0	975.118	1.03546	9	0.000274658	265.252	265.252	1	spectra_filtered/specs_ms.mgf1502	1		157	10649	N/A	N/A	N/A	N/A	N/A	N/A	N/A	N/A
CCMSLIB00003136157	Spectral Match to Palmitelaidic acid from NIST14	ESI	qTof	Isolated	Data from Wolfender/Litaudon	Data deposited by pmallard	M+H	255.232	254.225	1	10030736	N/A	CCCCCC/C=C/CCCCCCCC(=O)O	InChI=1S/C16H30O2/c1-2-3-4-5-6-7-8-9-10-11-12-13-14-15-16(17)18/h7-8H,2-6,9-15H2,1H3,(H,17,18)/b8-7+	N/A	3	Positive	UPDATE-SINGLE-ANNOTATED-BRONZE	Bronze	1180	spectra_filtered/specs_ms.mgf	lib-00018.mgf	0.8463729999999999	GNPS-NIST14-MATCHES	170100000.0	900.062	74.0724	9	0.018905599999999998	255.232	255.25099999999998	1	spectra_filtered/specs_ms.mgf1180	1		77	4549	SECPZKHBENQXJG-BQYQJAHWSA-N	SECPZKHBENQXJG	N/A	N/A	N/A	Fatty Acids and Conjugates	Unsaturated fatty acids	Fatty acids
CCMSLIB00004721131	ANTIMYCIN A (A1 shown)	N/A	ESI-QFT	isolated	MoNA	MoNA:VF-NPL-QEHF027550	[M+Na]+	557.247	0.0	1	N/A	N/A	N/A	InChI=1S/C27H38N2O9/c1-6-7-8-10-19-24(38-21(31)13-15(2)3)17(5)37-27(35)22(16(4)36-26(19)34)29-25(33)18-11-9-12-20(23(18)32)28-14-30/h9,11-12,14-17,19,22,24,32H,6-8,10,13H2,1-5H3,(H,28,30)(H,29,33)/t16-,17+,19-,22+,24+/m1/s1	N/A	3	positive	UPDATE-SINGLE-ANNOTATED-BRONZE	Bronze	1171	spectra_filtered/specs_ms.mgf	lib-00003.mgf	0.8387129999999999	MONA	30310000.0	897.868	0.5476489999999999	7	0.000305176	557.247	557.247	1	spectra_filtered/specs_ms.mgf1171	1		0	0	ZVYMCLIDNNTNCL-GFRRLMGDSA-N	ZVYMCLIDNNTNCL	N/A	N/A	N/A	N/A	N/A	N/A
CCMSLIB00010058543	TG(18:1/18:2/18:3); [M+NH4]+ C57H102N1O6	LC-ESI	HCD; Velos	Commercial	Thomas Metz	Thomas Metz	M+NH4	896.771	0.0	1	N/A	N/A	N/A	N/A	N/A	1	Positive	UPDATE-SINGLE-ANNOTATED-GOLD	Gold	2447	spectra_filtered/specs_ms.mgf	lib-00017.mgf	0.8348549999999999	PNNL-LIPIDS-POSITIVE	41620000.0	1280.76	5.78519	17	0.00518799	896.771	896.7660000000001	1	spectra_filtered/specs_ms.mgf2447	1		24	752	N/A	N/A	N/A	N/A	N/A	N/A	N/A	N/A
CCMSLIB00010058541	TG(16:0/18:2/18:3); [M+NH4]+ C55H100N1O6	LC-ESI	HCD; Velos	Commercial	Thomas Metz	Thomas Metz	M+NH4	870.755	0.0	1	N/A	N/A	N/A	N/A	N/A	1	Positive	UPDATE-SINGLE-ANNOTATED-GOLD	Gold	1895	spectra_filtered/specs_ms.mgf	lib-00017.mgf	0.832393	PNNL-LIPIDS-POSITIVE	24760000.0	1073.62	1.3318	15	0.00115967	870.755	870.7539999999999	1	spectra_filtered/specs_ms.mgf1895	1		34	1698	N/A	N/A	N/A	N/A	N/A	N/A	N/A	N/A
CCMSLIB00005466074	Rha-C10-C10 Na+	LC-ESI	qTof	Lysate	Quinn	Raghuvanshi	M+H	673.374	0.0	1	 	 	 	 	 	3	Positive	UPDATE-SINGLE-ANNOTATED-BRONZE	Bronze	935	spectra_filtered/specs_ms.mgf	lib-00045.mgf	0.831509	GNPS-LIBRARY	49610000.0	840.888	2.3566599999999998	6	0.00158691	673.374	673.3760000000001	1	spectra_filtered/specs_ms.mgf935	1		0	0	N/A	N/A	N/A	N/A	N/A	N/A	N/A	N/A
CCMSLIB00010067264	TG(18:2/18:3/18:3); [M+NH4]+ C57H98N1O6	LC-ESI	HCD; Velos	Commercial	Thomas Metz	Thomas Metz	M+NH4	892.739	0.0	1	N/A	N/A	N/A	N/A	N/A	1	Positive	UPDATE-SINGLE-ANNOTATED-GOLD	Gold	1514	spectra_filtered/specs_ms.mgf	lib-00017.mgf	0.8253149999999999	PNNL-LIPIDS-POSITIVE	18980000.0	980.12	2.05105	12	0.00183105	892.739	892.738	1	spectra_filtered/specs_ms.mgf1514	1		9	101	N/A	N/A	N/A	N/A	N/A	N/A	N/A	N/A
CCMSLIB00003136352	Spectral Match to 9-Oxo-10E,12Z-octadecadienoic acid from NIST14	ESI	HCD	Isolated	Data from Wolfender/Litaudon	Data deposited by pmallard	M+H	295.226	0.0	1	54232596	N/A	N/A	N/A	N/A	3	Positive	UPDATE-SINGLE-ANNOTATED-BRONZE	Bronze	961	spectra_filtered/specs_ms.mgf	lib-00018.mgf	0.820658	GNPS-NIST14-MATCHES	14290000.0	841.279	1.96403	9	0.000579834	295.226	295.22700000000003	1	spectra_filtered/specs_ms.mgf961	1		105	5160	N/A	N/A	N/A	N/A	N/A	N/A	N/A	N/A
CCMSLIB00003136352	Spectral Match to 9-Oxo-10E,12Z-octadecadienoic acid from NIST14	ESI	HCD	Isolated	Data from Wolfender/Litaudon	Data deposited by pmallard	M+H	295.226	0.0	1	54232596	N/A	N/A	N/A	N/A	3	Positive	UPDATE-SINGLE-ANNOTATED-BRONZE	Bronze	994	spectra_filtered/specs_ms.mgf	lib-00018.mgf	0.8201	GNPS-NIST14-MATCHES	30810000.0	850.575	1.96403	11	0.000579834	295.226	295.22700000000003	1	spectra_filtered/specs_ms.mgf994	1		105	5160	N/A	N/A	N/A	N/A	N/A	N/A	N/A	N/A
CCMSLIB00005435823	Contaminant vial septum ThermoFisher C5000-44B	LC-ESI	Orbitrap	Commercial	Dorrestein	lfnothias	M+NH4	628.196	0.0	0	 	 	 	 	 	3	Positive	UPDATE-SINGLE-ANNOTATED-BRONZE	Bronze	1815	spectra_filtered/specs_ms.mgf	lib-00045.mgf	0.8185180000000001	GNPS-LIBRARY	41930000.0	1046.35	3.20626	13	0.00201416	628.196	628.194	1	spectra_filtered/specs_ms.mgf1815	1		0	0	N/A	N/A	N/A	N/A	N/A	N/A	N/A	N/A
CCMSLIB00003137173	Spectral Match to Decaethylene glycol from NIST14	ESI	QqQ	Isolated	Data from Rob Knight	Data deposited by aaksenov	M+H	459.28	0.0	1	5579668	N/A	N/A	N/A	N/A	3	Positive	UPDATE-SINGLE-ANNOTATED-BRONZE	Bronze	131	spectra_filtered/specs_ms.mgf	lib-00018.mgf	0.817293	GNPS-NIST14-MATCHES	45670000.0	431.376	1.7276099999999999	6	0.000793457	459.28	459.279	1	spectra_filtered/specs_ms.mgf131	1		133	13921	N/A	N/A	N/A	N/A	N/A	N/A	N/A	N/A
CCMSLIB00003139895	Spectral Match to 9-Octadecenamide, (Z)- from NIST14	ESI	HCD	Isolated	Data from Wolfender/Litaudon	Data deposited by pmallard	M+H-NH3	265.252	0.0	1	301020	N/A	N/A	N/A	N/A	3	Positive	UPDATE-SINGLE-ANNOTATED-BRONZE	Bronze	1535	spectra_filtered/specs_ms.mgf	lib-00018.mgf	0.8151149999999999	GNPS-NIST14-MATCHES	39410000.0	980.85	1.49567	9	0.000396729	265.252	265.252	1	spectra_filtered/specs_ms.mgf1535	1		157	10649	N/A	N/A	N/A	N/A	N/A	N/A	N/A	N/A
CCMSLIB00005435824	Contaminant vial septum ThermoFisher C5000-44B	LC-ESI	Orbitrap	Commercial	Dorrestein	 	M+NH4	776.234	0.0	0	 	 	 	 	 	3	Positive	UPDATE-SINGLE-ANNOTATED-BRONZE	Bronze	2092	spectra_filtered/specs_ms.mgf	lib-00045.mgf	0.814929	GNPS-LIBRARY	65590000.0	1143.93	2.75204	17	0.00213623	776.234	776.232	1	spectra_filtered/specs_ms.mgf2092	1		0	0	N/A	N/A	N/A	N/A	N/A	N/A	N/A	N/A
CCMSLIB00003137784	Spectral Match to 9-Octadecenamide, (Z)- from NIST14	ESI	QqQ	Isolated	Data from Pieter Dorrestein	Data deposited by daniel	2M+H	563.552	0.0	1	301020	N/A	N/A	N/A	N/A	3	Positive	UPDATE-SINGLE-ANNOTATED-BRONZE	Bronze	1500	spectra_filtered/specs_ms.mgf	lib-00018.mgf	0.810052	GNPS-NIST14-MATCHES	7380000.0	975.023	3.03252	7	0.00170898	563.552	563.55	1	spectra_filtered/specs_ms.mgf1500	1		157	10649	N/A	N/A	N/A	N/A	N/A	N/A	N/A	N/A
CCMSLIB00005748622	Massbank:PR310841 LPC 18:3	ESI	qTof	Isolated	Massbank	Massbank	M+H	518.326	0.0	1	N/A	N/A	O=C(OCC(O)COP(=O)([O-])OCC[N+](C)(C)C)CCCCC=CCC=CCC=CCCCCC	1S/C26H48NO7P/c1-5-6-7-8-9-10-11-12-13-14-15-16-17-18-19-20-26(29)32-23-25(28)24-34-35(30,31)33-22-21-27(2,3)4/h9-10,12-13,15-16,25,28H,5-8,11,14,17-24H2,1-4H3	N/A	3	Positive	UPDATE-SINGLE-ANNOTATED-BRONZE	Bronze	679	spectra_filtered/specs_ms.mgf	lib-00050.mgf	0.809874	MASSBANK	89610000.0	760.439	5.18119	8	0.00268555	518.326	518.323	1	spectra_filtered/specs_ms.mgf679	1		0	0	MRTUWVDDQVMUCR-UHFFFAOYSA-N	MRTUWVDDQVMUCR	N/A	N/A	N/A	N/A	N/A	N/A
CCMSLIB00005436263	Contaminants septum vial Thermo C4000-53 and C4000-54 serie	LC-ESI	Orbitrap	Lysate	Dorrestein	lfnothias	M+H	610.184	0.0	0	 	 	 	 	 	3	Positive	UPDATE-SINGLE-ANNOTATED-BRONZE	Bronze	2579	spectra_filtered/specs_ms.mgf	lib-00045.mgf	0.8008270000000001	GNPS-LIBRARY	52690000.0	1338.88	0.9002469999999999	15	0.000549316	610.184	610.183	1	spectra_filtered/specs_ms.mgf2579	1		0	0	N/A	N/A	N/A	N/A	N/A	N/A	N/A	N/A
CCMSLIB00005435822	Contaminant vial septum ThermoFisher C5000-44B	LC-ESI	Orbitrap	Commercial	Contaminant vial septum ThermoFisher C5000-44B	lfnothias	M+NH4	702.215	0.0	0	 	 	 	 	 	3	Positive	UPDATE-SINGLE-ANNOTATED-BRONZE	Bronze	1960	spectra_filtered/specs_ms.mgf	lib-00045.mgf	0.800143	GNPS-LIBRARY	36600000.0	1090.74	3.12905	14	0.00219727	702.215	702.2130000000001	1	spectra_filtered/specs_ms.mgf1960	1		0	0	N/A	N/A	N/A	N/A	N/A	N/A	N/A	N/A
CCMSLIB00003136313	Spectral Match to Dilinolenin (9c,12c,15c) from NIST14	ESI	HCD	Isolated	Data from Wolfender/Litaudon	Data deposited by pmallard	M+H	613.483	0.0	1	35098841	N/A	N/A	N/A	N/A	3	Positive	UPDATE-SINGLE-ANNOTATED-BRONZE	Bronze	2104	spectra_filtered/specs_ms.mgf	lib-00018.mgf	0.797968	GNPS-NIST14-MATCHES	36230000.0	1145.59	1.7908099999999998	12	0.00109863	613.483	613.482	1	spectra_filtered/specs_ms.mgf2104	1		10	674	N/A	N/A	N/A	N/A	N/A	N/A	N/A	N/A
CCMSLIB00005466074	Rha-C10-C10 Na+	LC-ESI	qTof	Lysate	Quinn	Raghuvanshi	M+H	673.374	0.0	1	 	 	 	 	 	3	Positive	UPDATE-SINGLE-ANNOTATED-BRONZE	Bronze	980	spectra_filtered/specs_ms.mgf	lib-00045.mgf	0.79671	GNPS-LIBRARY	22850000.0	844.2639999999999	2.62858	6	0.00177002	673.374	673.3760000000001	1	spectra_filtered/specs_ms.mgf980	1		0	0	N/A	N/A	N/A	N/A	N/A	N/A	N/A	N/A
CCMSLIB00003137784	Spectral Match to 9-Octadecenamide, (Z)- from NIST14	ESI	QqQ	Isolated	Data from Pieter Dorrestein	Data deposited by daniel	2M+H	563.552	0.0	1	301020	N/A	N/A	N/A	N/A	3	Positive	UPDATE-SINGLE-ANNOTATED-BRONZE	Bronze	1536	spectra_filtered/specs_ms.mgf	lib-00018.mgf	0.793892	GNPS-NIST14-MATCHES	11200000.0	980.2589999999999	2.70761	8	0.00152588	563.552	563.55	1	spectra_filtered/specs_ms.mgf1536	1		157	10649	N/A	N/A	N/A	N/A	N/A	N/A	N/A	N/A
CCMSLIB00005731255	Massbank:EQ331603 Linoleic acid|(9Z,12Z)-octadeca-9,12-dienoic acid	ESI	Hybrid FT	Isolated	Massbank	Massbank	M+H	281.247	0.0	1	60-33-3	N/A	CCCCC/C=C\C/C=C\CCCCCCCC(=O)O	1S/C18H32O2/c1-2-3-4-5-6-7-8-9-10-11-12-13-14-15-16-17-18(19)20/h6-7,9-10H,2-5,8,11-17H2,1H3,(H,19,20)/b7-6-,10-9-	N/A	3	Positive	UPDATE-SINGLE-ANNOTATED-BRONZE	Bronze	1330	spectra_filtered/specs_ms.mgf	lib-00050.mgf	0.793459	MASSBANK	111040000.0	933.008	70.4218	10	0.0198059	281.247	281.267	1	spectra_filtered/specs_ms.mgf1330	1		0	0	OYHQOLUKZRVURQ-HZJYTTRNSA-N	OYHQOLUKZRVURQ	N/A	N/A	N/A	Fatty Acids and Conjugates	Unsaturated fatty acids	Fatty acids
CCMSLIB00010060101	TG(18:2/18:3/18:3); [M+NH4]+ C57H98N1O6	LC-ESI	HCD; Velos	Commercial	Thomas Metz	Thomas Metz	M+NH4	892.739	0.0	1	N/A	N/A	N/A	N/A	N/A	1	Positive	UPDATE-SINGLE-ANNOTATED-GOLD	Gold	1725	spectra_filtered/specs_ms.mgf	lib-00017.mgf	0.7896449999999999	PNNL-LIPIDS-POSITIVE	21050000.0	1023.33	1.0255299999999998	12	0.000915527	892.739	892.7389999999999	1	spectra_filtered/specs_ms.mgf1725	1		9	101	N/A	N/A	N/A	N/A	N/A	N/A	N/A	N/A
CCMSLIB00003136374	Spectral Match to Conjugated linoleic Acid (10E,12Z) from NIST14	ESI	HCD	Isolated	Data from Pieter C Dorrestein	Data deposited by negarg	M+H-H2O	263.236	0.0	1	2420566	N/A	N/A	N/A	N/A	3	Positive	UPDATE-SINGLE-ANNOTATED-BRONZE	Bronze	1386	spectra_filtered/specs_ms.mgf	lib-00018.mgf	0.789229	GNPS-NIST14-MATCHES	78550000.0	946.23	2.66645	8	0.0007019039999999999	263.236	263.237	1	spectra_filtered/specs_ms.mgf1386	1		134	13102	N/A	N/A	N/A	N/A	N/A	N/A	N/A	N/A
CCMSLIB00000567955	MoNA:790536 Linoleic acid	LC-ESI	qTof	Isolated	MoNA	MoNA	M+H	281.247	280.24	1	N/A	N/A	CCCCC/C=C\C/C=C\CCCCCCCC(=O)O	InChI=1/C18H32O2/c1-2-3-4-5-6-7-8-9-10-11-12-13-14-15-16-17-18(19)20/h6-7,9-10H,2-5,8,11-17H2,1H3,(H,19,20)/b7-6-,10-9-/f/h19H	N/A	3	Positive	UPDATE-SINGLE-ANNOTATED-BRONZE	Bronze	1275	spectra_filtered/specs_ms.mgf	lib-00003.mgf	0.787691	MONA	121600000.0	922.7539999999999	69.6622	10	0.0195923	281.247	281.267	1	spectra_filtered/specs_ms.mgf1275	1		0	0	OYHQOLUKZRVURQ-HZJYTTRNSA-N	OYHQOLUKZRVURQ	N/A	N/A	N/A	Fatty Acids and Conjugates	Unsaturated fatty acids	Fatty acids
CCMSLIB00010065280	TG(18:2/18:2/18:3); [M+NH4]+ C57H100N1O6	LC-ESI	HCD; Velos	Commercial	Thomas Metz	Thomas Metz	M+NH4	894.755	0.0	1	N/A	N/A	N/A	N/A	N/A	1	Positive	UPDATE-SINGLE-ANNOTATED-GOLD	Gold	1693	spectra_filtered/specs_ms.mgf	lib-00017.mgf	0.78665	PNNL-LIPIDS-POSITIVE	16260000.0	1021.17	1.02322	11	0.000915527	894.755	894.7560000000001	1	spectra_filtered/specs_ms.mgf1693	1		13	272	N/A	N/A	N/A	N/A	N/A	N/A	N/A	N/A
CCMSLIB00005466073	Rhamnolipid C10-C10 base lipid no sugar	LC-ESI	qTof	Lysate	Quinn	Raghuvanshi	M+H	359.279	0.0	1	 	 	 	 	 	3	Positive	UPDATE-SINGLE-ANNOTATED-BRONZE	Bronze	974	spectra_filtered/specs_ms.mgf	lib-00045.mgf	0.786275	GNPS-LIBRARY	14640000.0	844.013	0.0	7	0.0	359.279	359.279	1	spectra_filtered/specs_ms.mgf974	1		0	0	N/A	N/A	N/A	N/A	N/A	N/A	N/A	N/A
CCMSLIB00010071028	TG(18:3/18:3/18:3); [M+NH4]+ C57H96N1O6	LC-ESI	HCD; Velos	Commercial	Thomas Metz	Thomas Metz	M+NH4	890.724	0.0	1	N/A	N/A	N/A	N/A	N/A	1	Positive	UPDATE-SINGLE-ANNOTATED-GOLD	Gold	2518	spectra_filtered/specs_ms.mgf	lib-00017.mgf	0.7847890000000001	PNNL-LIPIDS-POSITIVE	20450000.0	1311.33	1.85012	10	0.00164795	890.724	890.722	1	spectra_filtered/specs_ms.mgf2518	1		5	172	N/A	N/A	N/A	N/A	N/A	N/A	N/A	N/A
CCMSLIB00000001622	Desferrioxamine E	LC-ESI	qTof	Isolated	Fenical-Jensen-Moore	Max	M+Na	623.339	600.348	1	N/A	N/A	C1CCNC(=O)CCC(=O)N(CCCCCNC(=O)CCC(=O)N(CCCCCNC(=O)CCC(=O)N(CC1)O)O)O	InChI=1S/C27H48N6O9/c34-22-10-14-26(38)32(41)20-8-3-6-18-30-24(36)12-15-27(39)33(42)21-9-2-5-17-29-23(35)11-13-25(37)31(40)19-7-1-4-16-28-22/h40-42H,1-21H2,(H,28,34)(H,29,35)(H,30,36)	N/A	1	Positive	UPDATE-SINGLE-ANNOTATED-GOLD	Gold	165	spectra_filtered/specs_ms.mgf	lib-00045.mgf	0.7793939999999999	GNPS-LIBRARY	12900000.0	447.526	4.602069999999999	8	0.00286865	623.339	623.336	1	spectra_filtered/specs_ms.mgf165	1		35	995	NHKCCADZVLTPPO-UHFFFAOYSA-N	NHKCCADZVLTPPO	N/A	N/A	N/A	Oligopeptides	Cyclic peptides	Amino acids and Peptides
CCMSLIB00003139684	Spectral Match to Methyl hexadecanoate from NIST14	ESI	IT/ion trap	Isolated	Data from Rob Knight 	Data deposited by amelnik	219.2	219.21	0.0	1	112390	N/A	N/A	N/A	N/A	3	Positive	UPDATE-SINGLE-ANNOTATED-BRONZE	Bronze	1177	spectra_filtered/specs_ms.mgf	lib-00018.mgf	0.779072	GNPS-NIST14-MATCHES	195300000.0	900.066	2.7147200000000002	6	0.000595093	219.21	219.21099999999998	1	spectra_filtered/specs_ms.mgf1177	1		14	280	N/A	N/A	N/A	N/A	N/A	N/A	N/A	N/A
CCMSLIB00003136870	Spectral Match to Elaidic acid from NIST14	ESI	QqQ	Isolated	Data from Gabriel Haddad	Data deposited by mjmeehan	M+H	283.263	0.0	1	112798	N/A	N/A	N/A	N/A	3	Positive	UPDATE-SINGLE-ANNOTATED-BRONZE	Bronze	1499	spectra_filtered/specs_ms.mgf	lib-00018.mgf	0.778172	GNPS-NIST14-MATCHES	71430000.0	975.052	67.4426	9	0.019104	283.263	283.282	1	spectra_filtered/specs_ms.mgf1499	1		23	1268	N/A	N/A	N/A	N/A	N/A	N/A	N/A	N/A
CCMSLIB00003136374	Spectral Match to Conjugated linoleic Acid (10E,12Z) from NIST14	ESI	HCD	Isolated	Data from Pieter C Dorrestein	Data deposited by negarg	M+H-H2O	263.236	0.0	1	2420566	N/A	N/A	N/A	N/A	3	Positive	UPDATE-SINGLE-ANNOTATED-BRONZE	Bronze	1528	spectra_filtered/specs_ms.mgf	lib-00018.mgf	0.774941	GNPS-NIST14-MATCHES	41620000.0	981.1010000000001	2.66645	8	0.0007019039999999999	263.236	263.237	1	spectra_filtered/specs_ms.mgf1528	1		134	13102	N/A	N/A	N/A	N/A	N/A	N/A	N/A	N/A
CCMSLIB00005466073	Rhamnolipid C10-C10 base lipid no sugar	LC-ESI	qTof	Lysate	Quinn	Raghuvanshi	M+H	359.279	0.0	1	 	 	 	 	 	3	Positive	UPDATE-SINGLE-ANNOTATED-BRONZE	Bronze	1123	spectra_filtered/specs_ms.mgf	lib-00045.mgf	0.766197	GNPS-LIBRARY	59200000.0	884.2189999999999	0.0	6	0.0	359.279	359.279	1	spectra_filtered/specs_ms.mgf1123	1		0	0	N/A	N/A	N/A	N/A	N/A	N/A	N/A	N/A
CCMSLIB00005463694	oxo-C12-HSL	LC-ESI	Orbitrap	Commercial	Rodrigues	Rodrigues	M+H	298.201	0.0	0	 	 	 	 	 	3	Positive	UPDATE-SINGLE-ANNOTATED-BRONZE	Bronze	657	spectra_filtered/specs_ms.mgf	lib-00045.mgf	0.765733	GNPS-LIBRARY	16010000.0	746.3810000000001	1.33041	6	0.000396729	298.201	298.20099999999996	1	spectra_filtered/specs_ms.mgf657	1		0	0	N/A	N/A	N/A	N/A	N/A	N/A	N/A	N/A
CCMSLIB00010066320	TG(18:2/18:2/18:3); [M+NH4]+ C57H100N1O6	LC-ESI	HCD; Velos	Commercial	Thomas Metz	Thomas Metz	M+NH4	894.755	0.0	1	N/A	N/A	N/A	N/A	N/A	1	Positive	UPDATE-SINGLE-ANNOTATED-GOLD	Gold	2501	spectra_filtered/specs_ms.mgf	lib-00017.mgf	0.765733	PNNL-LIPIDS-POSITIVE	24090000.0	1311.04	5.11608	11	0.00457764	894.755	894.75	1	spectra_filtered/specs_ms.mgf2501	1		13	272	N/A	N/A	N/A	N/A	N/A	N/A	N/A	N/A
CCMSLIB00003139019	Spectral Match to 9-OxoOTrE from NIST14	ESI	Ion Trap	Isolated	Data from Wolfender/Litaudon	Data deposited by pmallard	M+H-H2O	275.201	292.204	1	125559742	N/A	CC/C=C\C/C=C\C=C\C(=O)CCCCCCCC(=O)O	InChI=1S/C18H28O3/c1-2-3-4-5-6-8-11-14-17(19)15-12-9-7-10-13-16-18(20)21/h3-4,6,8,11,14H,2,5,7,9-10,12-13,15-16H2,1H3,(H,20,21)/b4-3-,8-6-,14-11+	N/A	3	Positive	UPDATE-SINGLE-ANNOTATED-BRONZE	Bronze	370	spectra_filtered/specs_ms.mgf	lib-00018.mgf	0.759985	GNPS-NIST14-MATCHES	14420000.0	582.7959999999999	2.10695	8	0.000579834	275.201	275.2	1	spectra_filtered/specs_ms.mgf370	1		44	2846	ACHDMUPTZYZIGR-CUHSZNQNSA-N	ACHDMUPTZYZIGR	N/A	N/A	N/A	Octadecanoids	Other Octadecanoids	Fatty acids
CCMSLIB00010072133	DG(18:2/0:0/18:2); [M+NH4]+ C39H72N1O5	LC-ESI	HCD; Velos	Commercial	Thomas Metz	Thomas Metz	M+NH4	634.541	0.0	1	N/A	N/A	N/A	N/A	N/A	1	Positive	UPDATE-SINGLE-ANNOTATED-GOLD	Gold	1836	spectra_filtered/specs_ms.mgf	lib-00017.mgf	0.747634	PNNL-LIPIDS-POSITIVE	27950000.0	1049.35	3.07801	9	0.00195312	634.541	634.539	1	spectra_filtered/specs_ms.mgf1836	1		19	211	N/A	N/A	N/A	N/A	N/A	N/A	N/A	N/A
CCMSLIB00004720489	Azadirachtin	N/A	ESI-QFT	isolated	MoNA	MoNA:VF-NPL-QEHF026908	[M+K]+	759.226	0.0	1	N/A	N/A	N/A	InChI=1S/C35H44O16/c1-8-15(2)24(38)49-18-12-19(48-16(3)36)32(26(39)43-6)13-46-21-22(32)31(18)14-47-34(42,27(40)44-7)25(31)29(4,23(21)37)35-20-11-17(30(35,5)51-35)33(41)9-10-45-28(33)50-20/h8-10,17-23,25,28,37,41-42H,11-14H2,1-7H3/b15-8+/t17-,18+,19-,20+,21-,22-,23-,25+,28+,29-,30+,31+,32+,33+,34+,35+/m1/s1	N/A	3	positive	UPDATE-SINGLE-ANNOTATED-BRONZE	Bronze	2426	spectra_filtered/specs_ms.mgf	lib-00003.mgf	0.744678	MONA	20320000.0	1265.19	5.78817	16	0.00439453	759.226	759.222	1	spectra_filtered/specs_ms.mgf2426	1		0	0	FTNJWQUOZFUQQJ-NDAWSKJSSA-N	FTNJWQUOZFUQQJ	N/A	N/A	N/A	N/A	N/A	N/A
CCMSLIB00010071824	DG(18:2/18:3/0:0); [M+NH4]+ C39H70N1O5	LC-ESI	HCD; Velos	Commercial	Thomas Metz	Thomas Metz	M+NH4	632.525	0.0	1	N/A	N/A	N/A	N/A	N/A	1	Positive	UPDATE-SINGLE-ANNOTATED-GOLD	Gold	2441	spectra_filtered/specs_ms.mgf	lib-00017.mgf	0.741744	PNNL-LIPIDS-POSITIVE	13830000.0	1276.26	2.7018400000000002	9	0.00170898	632.525	632.524	1	spectra_filtered/specs_ms.mgf2441	1		58	2878	N/A	N/A	N/A	N/A	N/A	N/A	N/A	N/A
CCMSLIB00003136313	Spectral Match to Dilinolenin (9c,12c,15c) from NIST14	ESI	HCD	Isolated	Data from Wolfender/Litaudon	Data deposited by pmallard	M+H	613.483	0.0	1	35098841	N/A	N/A	N/A	N/A	3	Positive	UPDATE-SINGLE-ANNOTATED-BRONZE	Bronze	2132	spectra_filtered/specs_ms.mgf	lib-00018.mgf	0.7282689999999999	GNPS-NIST14-MATCHES	37390000.0	1153.08	1.8903	10	0.00115967	613.483	613.482	1	spectra_filtered/specs_ms.mgf2132	1		10	674	N/A	N/A	N/A	N/A	N/A	N/A	N/A	N/A
CCMSLIB00004720489	Azadirachtin	N/A	ESI-QFT	isolated	MoNA	MoNA:VF-NPL-QEHF026908	[M+K]+	759.226	0.0	1	N/A	N/A	N/A	InChI=1S/C35H44O16/c1-8-15(2)24(38)49-18-12-19(48-16(3)36)32(26(39)43-6)13-46-21-22(32)31(18)14-47-34(42,27(40)44-7)25(31)29(4,23(21)37)35-20-11-17(30(35,5)51-35)33(41)9-10-45-28(33)50-20/h8-10,17-23,25,28,37,41-42H,11-14H2,1-7H3/b15-8+/t17-,18+,19-,20+,21-,22-,23-,25+,28+,29-,30+,31+,32+,33+,34+,35+/m1/s1	N/A	3	positive	UPDATE-SINGLE-ANNOTATED-BRONZE	Bronze	2414	spectra_filtered/specs_ms.mgf	lib-00003.mgf	0.723683	MONA	18790000.0	1258.12	5.78817	15	0.00439453	759.226	759.222	1	spectra_filtered/specs_ms.mgf2414	1		0	0	FTNJWQUOZFUQQJ-NDAWSKJSSA-N	FTNJWQUOZFUQQJ	N/A	N/A	N/A	N/A	N/A	N/A
CCMSLIB00005722215	NCGC00381425-01!8-hydroxy-8-(3-octyloxiran-2-yl)octanoic acid [IIN-based on: CCMSLIB00000846585]	LC-ESI	Orbitrap	Commercial	Pieter Dorrestein	lfnothias/robinschmid	[M-2H2O+H]+	279.233	314.246	1	N/A	N/A	CCCCCCCCC1OC1C(O)CCCCCCC(O)=O	InChI=1S/C18H34O4/c1-2-3-4-5-6-10-13-16-18(22-16)15(19)12-9-7-8-11-14-17(20)21/h15-16,18-19H,2-14H2,1H3,(H,20,21)	N/A	3	Positive	UPDATE-SINGLE-ANNOTATED-BRONZE	Bronze	1070	spectra_filtered/specs_ms.mgf	lib-00051.mgf	0.722402	GNPS-NIH-NATURALPRODUCTSLIBRARY_ROUND2_POSITIVE	51100000.0	874.967	66.2303	9	0.018493700000000002	279.233	279.251	1	spectra_filtered/specs_ms.mgf1070	1		0	0	GQEOLYBERRZZCE-UHFFFAOYSA-N	GQEOLYBERRZZCE	N/A	N/A	N/A	Octadecanoids	Other Octadecanoids	Fatty acids
CCMSLIB00006678148	AEG(o-18:4/18:2)	LC-ESI	Orbitrap	Other	S Ding	Su Ding	M+H	599.504	599.503	1	N/A	N/A	N/A	N/A	N/A	3	Positive	UPDATE-SINGLE-ANNOTATED-BRONZE	Bronze	1436	spectra_filtered/specs_ms.mgf	lib-00045.mgf	0.716884	GNPS-LIBRARY	39450000.0	958.0010000000001	2.54524	8	0.00152588	599.504	599.503	1	spectra_filtered/specs_ms.mgf1436	1		0	0	N/A	N/A	N/A	N/A	N/A	N/A	N/A	N/A
CCMSLIB00001059066	Ferrioxamine B [M+Fe-2H]	LC-ESI	Hybrid FT	Commercial	Havlicek	 	M+H	614.27	613.26	1	 	27956353	CC(=O)N1CCCCCNC(=O)CCC(=O)N2CCCCCNC(=O)CCC(=O)N(CCCCCN)O[Fe](O1)O2	 	 	3	Positive	UPDATE-SINGLE-ANNOTATED-BRONZE	Bronze	37	spectra_filtered/specs_ms.mgf	lib-00045.mgf	0.7149310000000001	GNPS-LIBRARY	8950000.0	323.158	2.38469	10	0.00146484	614.27	614.271	1	spectra_filtered/specs_ms.mgf37	1		25	740	SRMBQCVUAVULDJ-UHFFFAOYSA-N	SRMBQCVUAVULDJ	N/A	N/A	N/A	Ornithine alkaloids	Polyamines	Alkaloids
CCMSLIB00004692669	methyl (3R,4R,5R)-5-[(2R,3R,4S,5S,6R)-4,5-dihydroxy-6-(hydroxymethyl)-3-[(E)-3-phenylprop-2-enoyl]oxyoxan-2-yl]oxy-3,4-dihydroxycyclohexene-1-carboxylate	N/A	ESI-QFT	isolated	MoNA	MoNA:VF-NPL-QEHF001606	[M+K]+	519.126	0.0	1	N/A	N/A	N/A	InChI=1S/C23H28O11/c1-31-22(30)13-9-14(25)18(27)15(10-13)32-23-21(20(29)19(28)16(11-24)33-23)34-17(26)8-7-12-5-3-2-4-6-12/h2-9,14-16,18-21,23-25,27-29H,10-11H2,1H3/b8-7+/t14-,15-,16-,18-,19-,20+,21-,23-/m1/s1	N/A	3	positive	UPDATE-SINGLE-ANNOTATED-BRONZE	Bronze	2334	spectra_filtered/specs_ms.mgf	lib-00003.mgf	0.713969	MONA	26430000.0	1227.69	23.5146	11	0.012206999999999999	519.126	519.138	1	spectra_filtered/specs_ms.mgf2334	1		0	0	DWQNDLRNUNNJHX-NZNOAPCVSA-N	DWQNDLRNUNNJHX	N/A	N/A	N/A	N/A	N/A	N/A
CCMSLIB00004716804	[(1S,6S,7R,10R,15S,16R,18S,19R,20R)-6-(3-Furyl)-8,9,18,19,20-pentahydroxy-3-(1-hydroxy-2-methylpropylidene)-7,12,15,17-tetramethyl-4-oxo-5,11,13,21-tetraoxaheptacyclo[10.8.1.114,17.01,10.02,7.010,15.014,19]docos-16-yl]acetic acid	N/A	ESI-QFT	isolated	MoNA	MoNA:VF-NPL-QEHF025741	[M+K]+	687.205	0.0	1	N/A	N/A	N/A	InChI=1S/C32H40O14/c1-12(2)17(35)16-18-26(4,21(43-22(16)38)13-7-8-42-10-13)19(36)20(37)32-27(5)14(9-15(33)34)25(3)11-29(27)30(41,23(25)39)24(40)31(18,32)45-28(6,44-29)46-32/h7-8,10,12,14,18-21,23-24,35-37,39-41H,9,11H2,1-6H3,(H,33,34)	N/A	3	positive	UPDATE-SINGLE-ANNOTATED-BRONZE	Bronze	2313	spectra_filtered/specs_ms.mgf	lib-00003.mgf	0.697766	MONA	39310000.0	1208.06	6.57242	17	0.004516600000000001	687.205	687.201	1	spectra_filtered/specs_ms.mgf2313	1		0	0	FLRUCNJMPLRHQE-UHFFFAOYSA-N	FLRUCNJMPLRHQE	N/A	N/A	N/A	N/A	N/A	N/A
CCMSLIB00000539141	Rha-Rha-C10-C10 (M+H)	LC-ESI	qTof	Lysate	Dorrestein	Quinn	M+H	651.409	0.0	1	 	 	 	 	 	3	Positive	UPDATE-SINGLE-ANNOTATED-BRONZE	Bronze	956	spectra_filtered/specs_ms.mgf	lib-00045.mgf	0.684437	GNPS-LIBRARY	21670000.0	840.1439999999999	23.1432	8	0.015075700000000001	651.409	651.394	1	spectra_filtered/specs_ms.mgf956	1		24	1014	N/A	N/A	N/A	N/A	N/A	N/A	N/A	N/A
CCMSLIB00005723664	ferrioxamine D1 + Al (M-2H+Al)	LC-ESI	qTof	Crude	Jaspars	S Jarmusch	M+H	627.322	0.0	0	 	 	 	 	 	3	Positive	UPDATE-SINGLE-ANNOTATED-BRONZE	Bronze	62	spectra_filtered/specs_ms.mgf	lib-00045.mgf	0.663866	GNPS-LIBRARY	12950000.0	389.959	9.72948	8	0.00610352	627.322	627.328	1	spectra_filtered/specs_ms.mgf62	1		0	0	N/A	N/A	N/A	N/A	N/A	N/A	N/A	N/A
CCMSLIB00003136308	Spectral Match to 9-Oxo-10E,12Z-octadecadienoic acid from NIST14	ESI	qTof	Isolated	Data from Wolfender/Litaudon	Data deposited by pmallard	M+H-H2O	277.216	294.22	1	54232596	N/A	CCCCC/C=C\C=C\C(=O)CCCCCCCC(=O)O	InChI=1S/C18H30O3/c1-2-3-4-5-6-8-11-14-17(19)15-12-9-7-10-13-16-18(20)21/h6,8,11,14H,2-5,7,9-10,12-13,15-16H2,1H3,(H,20,21)/b8-6-,14-11+	N/A	3	Positive	UPDATE-SINGLE-ANNOTATED-BRONZE	Bronze	960	spectra_filtered/specs_ms.mgf	lib-00018.mgf	0.661855	GNPS-NIST14-MATCHES	43680000.0	841.4730000000001	0.330258	7	9.15527e-05	277.216	277.216	1	spectra_filtered/specs_ms.mgf960	1		105	5160	LUZSWWYKKLTDHU-ZJHFMPGASA-N	LUZSWWYKKLTDHU	N/A	N/A	N/A	Fatty Acids and Conjugates|Octadecanoids	Other Octadecanoids|Oxo fatty acids|Unsaturated fatty acids	Fatty acids
CCMSLIB00005435817	Contaminant vial septum ThermoFisher C5000-44B	LC-ESI	Orbitrap	Commercial	Dorrestein	lfnothias	M+Na	541.121	0.0	0	 	 	 	 	 	3	Positive	UPDATE-SINGLE-ANNOTATED-BRONZE	Bronze	2339	spectra_filtered/specs_ms.mgf	lib-00045.mgf	0.658071	GNPS-LIBRARY	9180000.0	1227.76	1.57911	10	0.000854492	541.121	541.12	1	spectra_filtered/specs_ms.mgf2339	1		0	0	N/A	N/A	N/A	N/A	N/A	N/A	N/A	N/A
CCMSLIB00005436353	PC(16:0_20:4) - (2-{[3-(hexadecanoyloxy)-2-[icosa-5,8,11,14-tetraenoyloxy]propyl phosphonato]oxy}ethyl)trimethylazanium	LC-ESI	qTof	Commercial	O Laprevote	C-TAC	M+Na	804.551	781.562	1	35418-58-7	 	 	 	 	3	Positive	UPDATE-SINGLE-ANNOTATED-BRONZE	Bronze	2599	spectra_filtered/specs_ms.mgf	lib-00045.mgf	0.651593	GNPS-LIBRARY	75440000.0	1345.14	0.379312	7	0.000305176	804.551	804.551	1	spectra_filtered/specs_ms.mgf2599	1		0	0	N/A	N/A	N/A	N/A	N/A	N/A	N/A	N/A
CCMSLIB00004715097	(1S,4aS,7R,7aS)-7-hydroxy-7-[[(E)-3-(4-hydroxyphenyl)prop-2-enoyl]oxymethyl]-1-[(2S,3R,4S,5S,6R)-3,4,5-trihydroxy-6-(hydroxymethyl)oxan-2-yl]oxy-4a,7a-dihydro-1H-cyclopenta[c]pyran-4-carboxylic acid	N/A	ESI-QFT	isolated	MoNA	MoNA:VF-NPL-QEHF024034	[M+H]+	537.16	0.0	1	N/A	N/A	N/A	InChI=1S/C25H28O13/c26-9-16-19(29)20(30)21(31)24(37-16)38-23-18-14(15(10-35-23)22(32)33)7-8-25(18,34)11-36-17(28)6-3-12-1-4-13(27)5-2-12/h1-8,10,14,16,18-21,23-24,26-27,29-31,34H,9,11H2,(H,32,33)/b6-3+/t14-,16-,18-,19-,20+,21-,23+,24+,25+/m1/s1	N/A	3	positive	UPDATE-SINGLE-ANNOTATED-BRONZE	Bronze	2342	spectra_filtered/specs_ms.mgf	lib-00003.mgf	0.650947	MONA	38200000.0	1227.85	9.77181	13	0.00524902	537.16	537.165	1	spectra_filtered/specs_ms.mgf2342	1		3	250	WJPRKOJNQIZCGY-OZOLURDPSA-N	WJPRKOJNQIZCGY	N/A	N/A	N/A	N/A	N/A	N/A
CCMSLIB00010065280	TG(18:2/18:2/18:3); [M+NH4]+ C57H100N1O6	LC-ESI	HCD; Velos	Commercial	Thomas Metz	Thomas Metz	M+NH4	894.755	0.0	1	N/A	N/A	N/A	N/A	N/A	1	Positive	UPDATE-SINGLE-ANNOTATED-GOLD	Gold	1710	spectra_filtered/specs_ms.mgf	lib-00017.mgf	0.646628	PNNL-LIPIDS-POSITIVE	10950000.0	1024.23	2.865	7	0.00256348	894.755	894.758	1	spectra_filtered/specs_ms.mgf1710	1		13	272	N/A	N/A	N/A	N/A	N/A	N/A	N/A	N/A
CCMSLIB00003135615	Spectral Match to 9-Oxo-10E,12Z-octadecadienoic acid from NIST14	ESI	qTof	Isolated	Data from Wiemann	Data deposited by pwiemann	M+H	295.227	294.22	1	54232596	N/A	CCCCC/C=C\C=C\C(=O)CCCCCCCC(=O)O	InChI=1S/C18H30O3/c1-2-3-4-5-6-8-11-14-17(19)15-12-9-7-10-13-16-18(20)21/h6,8,11,14H,2-5,7,9-10,12-13,15-16H2,1H3,(H,20,21)/b8-6-,14-11+	N/A	3	Positive	UPDATE-SINGLE-ANNOTATED-BRONZE	Bronze	383	spectra_filtered/specs_ms.mgf	lib-00018.mgf	0.638255	GNPS-NIST14-MATCHES	18540000.0	589.241	1.34381	9	0.000396729	295.227	295.22700000000003	1	spectra_filtered/specs_ms.mgf383	1		105	5160	LUZSWWYKKLTDHU-ZJHFMPGASA-N	LUZSWWYKKLTDHU	N/A	N/A	N/A	Fatty Acids and Conjugates|Octadecanoids	Other Octadecanoids|Oxo fatty acids|Unsaturated fatty acids	Fatty acids
CCMSLIB00000848957	NCGC00169122-02!2-oct-1-en-3-yloxy-6-[(3,4,5-trihydroxyoxan-2-yl)oxymethyl]oxane-3,4,5-triol	LC-ESI	Maxis II HD Q-TOF Bruker	isolated	Jadhav/Dorrestein	lfnothias	M+NH4	440.249	422.215	1	n/a	n/a	CCCCCC(OC1OC(COC2OCC(O)C(O)C2O)C(O)C(O)C1O)C=C	InChI=1S/C19H34O10/c1-3-5-6-7-10(4-2)28-19-17(25)15(23)14(22)12(29-19)9-27-18-16(24)13(21)11(20)8-26-18/h4,10-25H,2-3,5-9H2,1H3	N/A	1	positive	UPDATE-SINGLE-ANNOTATED-GOLD	Gold	277	spectra_filtered/specs_ms.mgf	lib-00051.mgf	0.6334770000000001	GNPS-NIH-NATURALPRODUCTSLIBRARY_ROUND2_POSITIVE	27180000.0	514.67	1.59433	8	0.0007019039999999999	440.249	440.24800000000005	1	spectra_filtered/specs_ms.mgf277	1		0	0	VXNMHZVTDWLWRX-UHFFFAOYSA-N	VXNMHZVTDWLWRX	N/A	N/A	N/A	Fatty acyl glycosides	Fatty acyl glycosides of mono- and disaccharides	Fatty acids
CCMSLIB00010071406	DG(18:2/18:3/0:0); [M+NH4]+ C39H70N1O5	LC-ESI	HCD; Velos	Commercial	Thomas Metz	Thomas Metz	M+NH4	632.525	0.0	1	N/A	N/A	N/A	N/A	N/A	1	Positive	UPDATE-SINGLE-ANNOTATED-GOLD	Gold	2402	spectra_filtered/specs_ms.mgf	lib-00017.mgf	0.631001	PNNL-LIPIDS-POSITIVE	18440000.0	1257.95	2.50885	9	0.00158691	632.525	632.524	1	spectra_filtered/specs_ms.mgf2402	1		58	2878	N/A	N/A	N/A	N/A	N/A	N/A	N/A	N/A
CCMSLIB00011428770	Linoleic acid	ESI	Orbitrap	commercial	Kellogg	Josh Kellogg	M-2H2O+H	245.226	280.24	1	60-33-3		CCCCCC=CCC=CCCCCCCCC(=O)O	OYHQOLUKZRVURQ-HZJYTTRNSA-N	N/A	1	Positive	UPDATE-SINGLE-ANNOTATED-GOLD	Gold	1277	spectra_filtered/specs_ms.mgf	lib-00015.mgf	0.63007	LEAFBOT	93450000.0	922.7539999999999	0.435564	7	0.000106812	245.226	245.226	1	spectra_filtered/specs_ms.mgf1277	1		0	0	OYHQOLUKZRVURQ-UHFFFAOYSA-N	OYHQOLUKZRVURQ	N/A	N/A	N/A	Fatty Acids and Conjugates	Unsaturated fatty acids	Fatty acids
CCMSLIB00005463486	N-(3-Oxododecanoyl)-L-homoserine lactone	LC-ESI	Orbitrap	Lysate	Michael M. Meijler	Rachel Gregor	M+H	298.201	297.194	1	 	329818935	CCCCCCCCCC(=O)CC(=O)NC1CCOC1=O	InChI=1S/C16H27NO4/c1-2-3-4-5-6-7-8-9-13(18)12-15(19)17-14-10-11-21-16(14)20/h14H,2-12H2,1H3,(H,17,19)/t14-/m0/s1	 	3	Positive	UPDATE-SINGLE-ANNOTATED-BRONZE	Bronze	663	spectra_filtered/specs_ms.mgf	lib-00045.mgf	0.614057	GNPS-LIBRARY	12650000.0	749.6080000000001	51.6812	6	0.0154114	298.201	298.216	1	spectra_filtered/specs_ms.mgf663	1		0	0	PHSRRHGYXQCRPU-UHFFFAOYSA-N	PHSRRHGYXQCRPU	N/A	N/A	N/A	Fatty amides	Fatty acyl homoserine lactones	Fatty acids
CCMSLIB00005722220	NCGC00381425-01!8-hydroxy-8-(3-octyloxiran-2-yl)octanoic acid [IIN-based on: CCMSLIB00000846585]	LC-ESI	Orbitrap	Commercial	Pieter Dorrestein	lfnothias/robinschmid	[M-3H2O+H]+	261.222	314.246	1	N/A	N/A	CCCCCCCCC1OC1C(O)CCCCCCC(O)=O	InChI=1S/C18H34O4/c1-2-3-4-5-6-10-13-16-18(22-16)15(19)12-9-7-8-11-14-17(20)21/h15-16,18-19H,2-14H2,1H3,(H,20,21)	N/A	3	Positive	UPDATE-SINGLE-ANNOTATED-BRONZE	Bronze	1069	spectra_filtered/specs_ms.mgf	lib-00051.mgf	0.607068	GNPS-NIH-NATURALPRODUCTSLIBRARY_ROUND2_POSITIVE	99990000.0	874.877	2.68701	8	0.0007019039999999999	261.222	261.221	1	spectra_filtered/specs_ms.mgf1069	1		0	0	GQEOLYBERRZZCE-UHFFFAOYSA-N	GQEOLYBERRZZCE	N/A	N/A	N/A	Octadecanoids	Other Octadecanoids	Fatty acids
CCMSLIB00004706370	3-[6-[[(2R,3R,4R,5S,6S)-3,5-dihydroxy-6-methyl-4-[(2S,3R,4R,5R,6S)-3,4,5-trihydroxy-6-methyloxan-2-yl]oxyoxan-2-yl]oxymethyl]-3,4,5-trihydroxyoxan-2-yl]oxy-5-hydroxy-2-(4-hydroxyphenyl)-7-methoxychromen-4-one	N/A	ESI-QFT	isolated	MoNA	MoNA:VF-NPL-QEHF015307	[M+Na]+	777.221	0.0	1	N/A	N/A	N/A	InChI=1S/C34H42O19/c1-11-20(37)24(41)26(43)33(49-11)52-30-21(38)12(2)48-32(28(30)45)47-10-18-22(39)25(42)27(44)34(51-18)53-31-23(40)19-16(36)8-15(46-3)9-17(19)50-29(31)13-4-6-14(35)7-5-13/h4-9,11-12,18,20-22,24-28,30,32-39,41-45H,10H2,1-3H3/t11-,12-,18?,20-,21-,22?,24+,25?,26+,27?,28+,30+,32+,33-,34?/m0/s1	N/A	3	positive	UPDATE-SINGLE-ANNOTATED-BRONZE	Bronze	2090	spectra_filtered/specs_ms.mgf	lib-00003.mgf	0.594366	MONA	29380000.0	1143.88	15.0778	15	0.011718799999999998	777.221	777.2330000000001	1	spectra_filtered/specs_ms.mgf2090	1		0	0	MQMTVWHXCSRCER-OHWKTECQSA-N	MQMTVWHXCSRCER	N/A	N/A	N/A	N/A	N/A	N/A
CCMSLIB00003135615	Spectral Match to 9-Oxo-10E,12Z-octadecadienoic acid from NIST14	ESI	qTof	Isolated	Data from Wiemann	Data deposited by pwiemann	M+H	295.227	294.22	1	54232596	N/A	CCCCC/C=C\C=C\C(=O)CCCCCCCC(=O)O	InChI=1S/C18H30O3/c1-2-3-4-5-6-8-11-14-17(19)15-12-9-7-10-13-16-18(20)21/h6,8,11,14H,2-5,7,9-10,12-13,15-16H2,1H3,(H,20,21)/b8-6-,14-11+	N/A	3	Positive	UPDATE-SINGLE-ANNOTATED-BRONZE	Bronze	410	spectra_filtered/specs_ms.mgf	lib-00018.mgf	0.5936	GNPS-NIST14-MATCHES	24830000.0	604.342	1.34381	9	0.000396729	295.227	295.22700000000003	1	spectra_filtered/specs_ms.mgf410	1		105	5160	LUZSWWYKKLTDHU-ZJHFMPGASA-N	LUZSWWYKKLTDHU	N/A	N/A	N/A	Fatty Acids and Conjugates|Octadecanoids	Other Octadecanoids|Oxo fatty acids|Unsaturated fatty acids	Fatty acids
CCMSLIB00006678254	DAG (18:1/18:3)/ DAG (18:2/18:2)	LC-ESI	Orbitrap	Other	S Ding	Su Ding	M+NH4	634.539	0.0	1	N/A	N/A	N/A	N/A	N/A	3	Positive	UPDATE-SINGLE-ANNOTATED-BRONZE	Bronze	1439	spectra_filtered/specs_ms.mgf	lib-00045.mgf	0.591305	GNPS-LIBRARY	18390000.0	956.57	0.480941	8	0.000305176	634.539	634.539	1	spectra_filtered/specs_ms.mgf1439	1		0	0	N/A	N/A	N/A	N/A	N/A	N/A	N/A	N/A
CCMSLIB00003136149	Spectral Match to 9(S)-HpOTrE from NIST14	ESI	qTof	Isolated	Data from Wolfender/Litaudon	Data deposited by pmallard	M+H-H2O	293.211	310.214	1	111004081	N/A	CC/C=C\C/C=C\C=C\[C@H](CCCCCCCC(=O)O)OO	InChI=1S/C18H30O4/c1-2-3-4-5-6-8-11-14-17(22-21)15-12-9-7-10-13-16-18(19)20/h3-4,6,8,11,14,17,21H,2,5,7,9-10,12-13,15-16H2,1H3,(H,19,20)/b4-3-,8-6-,14-11+/t17-/m1/s1	N/A	3	Positive	UPDATE-SINGLE-ANNOTATED-BRONZE	Bronze	371	spectra_filtered/specs_ms.mgf	lib-00018.mgf	0.5873619999999999	GNPS-NIST14-MATCHES	9190000.0	581.781	0.312242	6	9.15527e-05	293.211	293.211	1	spectra_filtered/specs_ms.mgf371	1		22	980	RWKJTIHNYSIIHW-MEBVTJQTSA-N	RWKJTIHNYSIIHW	N/A	N/A	N/A	Octadecanoids	Other Octadecanoids	Fatty acids
CCMSLIB00003138418	Spectral Match to Monolinolenin (9c,12c,15c) from NIST14	ESI	HCD	Isolated	Data from Wolfender/Litaudon	Data deposited by pmallard	M+H	353.269	0.0	1	18465991	N/A	N/A	N/A	N/A	3	Positive	UPDATE-SINGLE-ANNOTATED-BRONZE	Bronze	882	spectra_filtered/specs_ms.mgf	lib-00018.mgf	0.580099	GNPS-NIST14-MATCHES	44050000.0	824.62	0.8638620000000001	7	0.000305176	353.269	353.269	1	spectra_filtered/specs_ms.mgf882	1		101	3591	N/A	N/A	N/A	N/A	N/A	N/A	N/A	N/A
CCMSLIB00008851488	HMOQ-N-oxide	LC-ESI	qTof	Crude	Neha Garg	Nicole Aiosa	M+H	286.18	285.173	1	 	 	OC1=C(C)C(C/C=C/CCCCC)=[N+]([O-])C2=CC=CC=C21	 	 	3	Positive	UPDATE-SINGLE-ANNOTATED-BRONZE	Bronze	552	spectra_filtered/specs_ms.mgf	lib-00045.mgf	0.563154	GNPS-LIBRARY	11670000.0	705.98	0.746464	6	0.000213623	286.18	286.18	1	spectra_filtered/specs_ms.mgf552	1		0	0	PZDNYMGJYBHSNN-BQYQJAHWSA-N	PZDNYMGJYBHSNN	N/A	N/A	N/A	N/A	N/A	N/A
CCMSLIB00004701918	[(2R,3S,4S,5R,6R)-6-[1,7-bis(4-hydroxyphenyl)-5-oxoheptan-3-yl]oxy-3,4,5-trihydroxyoxan-2-yl]methyl (E)-3-(3,4-dimethoxyphenyl)prop-2-enoate	N/A	ESI-QFT	isolated	MoNA	MoNA:VF-NPL-QEHF010855	[M+K]+	705.231	0.0	1	N/A	N/A	N/A	InChI=1S/C36H42O12/c1-44-29-17-9-24(19-30(29)45-2)10-18-32(40)46-21-31-33(41)34(42)35(43)36(48-31)47-28(16-8-23-5-13-26(38)14-6-23)20-27(39)15-7-22-3-11-25(37)12-4-22/h3-6,9-14,17-19,28,31,33-38,41-43H,7-8,15-16,20-21H2,1-2H3/b18-10+/t28?,31-,33-,34+,35-,36-/m1/s1	N/A	3	positive	UPDATE-SINGLE-ANNOTATED-BRONZE	Bronze	1964	spectra_filtered/specs_ms.mgf	lib-00003.mgf	0.550612	MONA	13120000.0	1090.73	28.1276	13	0.0198364	705.231	705.211	1	spectra_filtered/specs_ms.mgf1964	1		0	0	FRZOQPPWSKEZAA-QBZXRRNTSA-N	FRZOQPPWSKEZAA	N/A	N/A	N/A	N/A	N/A	N/A
CCMSLIB00005723635	desferrioxamine D1	ESI	qTof	Crude	Jaspars	S Jarmusch	[M+H]	603.364	602.363	1	N/A	N/A	O=C(C)N(CCCCCNC(CCC(N(CCCCCNC(CCC(N(CCCCCNC(C)=O)O)=O)=O)O)=O)=O)O	InChI=1S/C27H50N6O9/c1-22(34)28-16-6-3-10-20-32(41)26(38)14-13-25(37)30-18-8-5-11-21-33(42)27(39)15-12-24(36)29-17-7-4-9-19-31(40)23(2)35/h40-42H,3-21H2,1-2H3,(H,28,34)(H,29,36)(H,30,37)	N/A	3	Positive	UPDATE-SINGLE-ANNOTATED-BRONZE	Bronze	151	spectra_filtered/specs_ms.mgf	lib-00045.mgf	0.541482	GNPS-LIBRARY	53490000.0	441.273	10.217	8	0.00616455	603.364	603.37	1	spectra_filtered/specs_ms.mgf151	1		0	0	IEYBTYRDMTXDKO-UHFFFAOYSA-N	IEYBTYRDMTXDKO	N/A	N/A	N/A	Fatty amides	N-acyl amines	Fatty acids
CCMSLIB00005723618	Ferrioxamine-E-Fe-adduct	LC-ESI	Orbitrap	Commercial	Pieter Dorrestein	Allegra Aron	M+H	654.268	0.0	1	 	 	 	 	 	3	Positive	UPDATE-SINGLE-ANNOTATED-BRONZE	Bronze	56	spectra_filtered/specs_ms.mgf	lib-00045.mgf	0.539975	GNPS-LIBRARY	11070000.0	386.126	3.8248	11	0.00250244	654.268	654.266	1	spectra_filtered/specs_ms.mgf56	1		0	0	N/A	N/A	N/A	N/A	N/A	N/A	N/A	N/A
CCMSLIB00003137270	Spectral Match to cis-7-Hexadecenoic acid methyl ester from NIST14	ESI	qTof	Isolated	Data from Pieter C Dorrestein	Data deposited by negarg	M+H	269.247	268.24	1	56875673	N/A	CCCCCCCC/C=C\CCCCCC(=O)OC	InChI=1S/C17H32O2/c1-3-4-5-6-7-8-9-10-11-12-13-14-15-16-17(18)19-2/h10-11H,3-9,12-16H2,1-2H3/b11-10-	N/A	3	Positive	UPDATE-SINGLE-ANNOTATED-BRONZE	Bronze	1354	spectra_filtered/specs_ms.mgf	lib-00018.mgf	0.532782	GNPS-NIST14-MATCHES	91080000.0	939.12	73.107	6	0.019683799999999998	269.247	269.267	1	spectra_filtered/specs_ms.mgf1354	1		11	185	FXCDESKKWMGGON-KHPPLWFESA-N	FXCDESKKWMGGON	N/A	N/A	N/A	Fatty esters	Wax monoesters	Fatty acids
CCMSLIB00003136149	Spectral Match to 9(S)-HpOTrE from NIST14	ESI	qTof	Isolated	Data from Wolfender/Litaudon	Data deposited by pmallard	M+H-H2O	293.211	310.214	1	111004081	N/A	CC/C=C\C/C=C\C=C\[C@H](CCCCCCCC(=O)O)OO	InChI=1S/C18H30O4/c1-2-3-4-5-6-8-11-14-17(22-21)15-12-9-7-10-13-16-18(19)20/h3-4,6,8,11,14,17,21H,2,5,7,9-10,12-13,15-16H2,1H3,(H,19,20)/b4-3-,8-6-,14-11+/t17-/m1/s1	N/A	3	Positive	UPDATE-SINGLE-ANNOTATED-BRONZE	Bronze	404	spectra_filtered/specs_ms.mgf	lib-00018.mgf	0.519856	GNPS-NIST14-MATCHES	26640000.0	601.9	0.0	6	0.0	293.211	293.211	1	spectra_filtered/specs_ms.mgf404	1		22	980	RWKJTIHNYSIIHW-MEBVTJQTSA-N	RWKJTIHNYSIIHW	N/A	N/A	N/A	Octadecanoids	Other Octadecanoids	Fatty acids
CCMSLIB00003135615	Spectral Match to 9-Oxo-10E,12Z-octadecadienoic acid from NIST14	ESI	qTof	Isolated	Data from Wiemann	Data deposited by pwiemann	M+H	295.227	294.22	1	54232596	N/A	CCCCC/C=C\C=C\C(=O)CCCCCCCC(=O)O	InChI=1S/C18H30O3/c1-2-3-4-5-6-8-11-14-17(19)15-12-9-7-10-13-16-18(20)21/h6,8,11,14H,2-5,7,9-10,12-13,15-16H2,1H3,(H,20,21)/b8-6-,14-11+	N/A	3	Positive	UPDATE-SINGLE-ANNOTATED-BRONZE	Bronze	355	spectra_filtered/specs_ms.mgf	lib-00018.mgf	0.510941	GNPS-NIST14-MATCHES	28570000.0	570.5830000000001	1.65392	7	0.00048828099999999997	295.227	295.22700000000003	1	spectra_filtered/specs_ms.mgf355	1		105	5160	LUZSWWYKKLTDHU-ZJHFMPGASA-N	LUZSWWYKKLTDHU	N/A	N/A	N/A	Fatty Acids and Conjugates|Octadecanoids	Other Octadecanoids|Oxo fatty acids|Unsaturated fatty acids	Fatty acids
CCMSLIB00005724374	deoxydesferrioxamine D3	LC-ESI	qTof	Crude	Jaspars	S Jarmusch	M+H	587.369	0.0	0	 	 	O=C(C)N(O)CCCCCNC(CCC(N(O)CCCCCNC(CCC(NCCCCCNC(C)=O)=O)=O)=O)=O	InChI=1S/C27H50N6O8/c1-22(34)28-16-6-3-7-17-29-24(36)12-13-25(37)30-18-9-5-11-21-33(41)27(39)15-14-26(38)31-19-8-4-10-20-32(40)23(2)35/h40-41H,3-21H2,1-2H3,(H,28,34)(H,29,36)(H,30,37)(H,31,38)	 	3	Positive	UPDATE-SINGLE-ANNOTATED-BRONZE	Bronze	136	spectra_filtered/specs_ms.mgf	lib-00045.mgf	0.510338	GNPS-LIBRARY	44170000.0	432.32300000000004	10.9108	7	0.00640869	587.369	587.375	1	spectra_filtered/specs_ms.mgf136	1		0	0	QFANTIFYFQLBGY-UHFFFAOYSA-N	QFANTIFYFQLBGY	N/A	N/A	N/A	Fatty amides	N-acyl amines	Fatty acids
CCMSLIB00008851497	Antimycin [M+H]+	LC-ESI	Orbitrap	Commercial	Daniel Petras	Stilianos Papadopoulos Lambidis	M+H	535.265	0.0	1	 	 	CCCCCC1C(C(OC(=O)C(C(OC1=O)C)NC(=O)C2=C(C(=CC=C2)NC=O)O)C)OC(=O)CC(C)C	 	 	3	Positive	UPDATE-SINGLE-ANNOTATED-BRONZE	Bronze	760	spectra_filtered/specs_ms.mgf	lib-00045.mgf	0.504191	GNPS-LIBRARY	13990000.0	787.462	0.798195	6	0.000427246	535.265	535.265	1	spectra_filtered/specs_ms.mgf760	1		0	0	ZVYMCLIDNNTNCL-UHFFFAOYSA-N	ZVYMCLIDNNTNCL	N/A	N/A	N/A	Macrolides	Antimycins	Amino acids and Peptides|Polyketides
CCMSLIB00011435927	amylamine-C14:1	ESI	Orbitrap	Commercial	Dorrestein	Ipsita	M+H	296.295	295.288	1	N/A	N/A	O=C(NCCCCC)CCCCCCCC=CCCCC	InChI=1S/C19H37NO/c1-3-5-7-8-9-10-11-12-13-14-15-17-19(21)20-18-16-6-4-2/h8-9H,3-7,10-18H2,1-2H3,(H,20,21)	N/A	1	Positive	UPDATE-SINGLE-ANNOTATED-GOLD	Gold	1636	spectra_filtered/specs_ms.mgf	lib-00039.mgf	0.493123	ECG-ACYL-AMIDES-C4-C24-LIBRARY	62510000.0	1007.89	1.75095	6	0.000518799	296.295	296.29400000000004	1	spectra_filtered/specs_ms.mgf1636	1		0	0	YFMJPCYNBKAZFK-UHFFFAOYSA-N	YFMJPCYNBKAZFK	N/A	N/A	N/A	Fatty amides	N-acyl amines	Fatty acids
CCMSLIB00005723657	ferrioxamine D1 + Fe (M-2H+Fe)	LC-ESI	qTof	Crude	Jaspars	S Jarmusch	M+H	656.276	0.0	0	 	 	 	 	 	3	Positive	UPDATE-SINGLE-ANNOTATED-BRONZE	Bronze	82	spectra_filtered/specs_ms.mgf	lib-00045.mgf	0.480415	GNPS-LIBRARY	14790000.0	400.44599999999997	8.1842	6	0.00537109	656.276	656.2810000000001	1	spectra_filtered/specs_ms.mgf82	1		0	0	N/A	N/A	N/A	N/A	N/A	N/A	N/A	N/A
CCMSLIB00004714041	4,15,26-trihydroxy-1-oxa-4,9,15,20,26,31-hexazacyclotritriacontane-5,8,16,19,27,30-hexone	N/A	ESI-QFT	isolated	MoNA	MoNA:VF-NPL-QEHF022978	[M+Na]+	625.317	0.0	1	N/A	N/A	N/A	InChI=1S/C26H46N6O10/c33-21-7-10-24(36)30(39)16-5-2-4-14-28-22(34)8-12-26(38)32(41)18-20-42-19-15-29-23(35)9-11-25(37)31(40)17-6-1-3-13-27-21/h39-41H,1-20H2,(H,27,33)(H,28,34)(H,29,35)	N/A	3	positive	UPDATE-SINGLE-ANNOTATED-BRONZE	Bronze	50	spectra_filtered/specs_ms.mgf	lib-00003.mgf	0.463109	MONA	16470000.0	381.436	7.2229	10	0.004516600000000001	625.317	625.312	1	spectra_filtered/specs_ms.mgf50	1		0	0	OYFVPOABQXXDNO-UHFFFAOYSA-N	OYFVPOABQXXDNO	N/A	N/A	N/A	N/A	N/A	N/A
CCMSLIB00011906061	Antimycin A	ESI	Orbitrap	Isolated	Daniel Petras	"""Christian Geibel, Giovanni Andrea Vitale"""	M+H	549.281	548.273	1	N/A	N/A	CCCCCCC1C(C(OC(=O)C(C(OC1=O)C)NC(=O)C2=C(C(=CC=C2)NC=O)O)C)OC(=O)CC(C)C	N/A	N/A	1	Positive	UPDATE-SINGLE-ANNOTATED-GOLD	Gold	864	spectra_filtered/specs_ms.mgf	lib-00028.mgf	0.45723500000000006	TUEBINGEN-NATURAL-PRODUCT-COLLECTION	21350000.0	817.0360000000001	1.33342	6	0.0007324219999999999	549.281	549.28	1	spectra_filtered/specs_ms.mgf864	1		0	0	UIFFUZWRFRDZJC-UHFFFAOYSA-N	UIFFUZWRFRDZJC	N/A	N/A	N/A	Macrolides	Antimycins	Amino acids and Peptides|Polyketides
CCMSLIB00000479757	Antimycin A3-CDM-BAW-AED	LC-ESI	qTof	Commercial	DAS	Oman	M+H	521.25	0.0	1	 	 	 	 	 	3	Positive	UPDATE-SINGLE-ANNOTATED-BRONZE	Bronze	667	spectra_filtered/specs_ms.mgf	lib-00045.mgf	0.455192	GNPS-LIBRARY	22610000.0	752.908	2.1076900000000003	7	0.00109863	521.25	521.249	1	spectra_filtered/specs_ms.mgf667	1		2	18	N/A	N/A	N/A	N/A	N/A	N/A	N/A	N/A
CCMSLIB00000479758	Antimycin A4-CDM-BAW-AED	LC-ESI	qTof	Commercial	DAS	Oman	M+H	507.234	0.0	1	 	 	 	 	 	3	Positive	UPDATE-SINGLE-ANNOTATED-BRONZE	Bronze	585	spectra_filtered/specs_ms.mgf	lib-00045.mgf	0.454363	GNPS-LIBRARY	25940000.0	723.42	1.3837899999999999	7	0.0007019039999999999	507.234	507.233	1	spectra_filtered/specs_ms.mgf585	1		2	31	N/A	N/A	N/A	N/A	N/A	N/A	N/A	N/A
CCMSLIB00011906427	Desferrioxamine-X1	ESI	Orbitrap	Isolated	Daniel Petras	"""Giovanni Andrea Vitale, Christian Geibel"""	M+Na	595.306	572.317	1	N/A	N/A	C1CCNC(=O)CCC(=O)N(CCCCNC(=O)CCC(=O)N(CCCCNC(=O)CCC(=O)N(CC1)O)O)O	N/A	N/A	1	Positive	UPDATE-SINGLE-ANNOTATED-GOLD	Gold	123	spectra_filtered/specs_ms.mgf	lib-00028.mgf	0.41053999999999996	TUEBINGEN-NATURAL-PRODUCT-COLLECTION	7410000.0	425.478	1.0252700000000001	6	0.000610352	595.306	595.305	1	spectra_filtered/specs_ms.mgf123	1		0	0	YEUGMACLLZSLDG-UHFFFAOYSA-N	YEUGMACLLZSLDG	N/A	N/A	N/A	Oligopeptides	Cyclic peptides	Amino acids and Peptides
CCMSLIB00006414607	(2S)-5-hydroxy-2-(3-hydroxy-4-methoxyphenyl)-4-oxo-3,4-dihydro-2H-chromen-7-yl 2-O-(6-deoxy-alpha-L-mannopyranosyl)-beta-D-glucopyranoside	ESI	Orbitrap	Commercial standard	BMDMS-NP	BMDMS-NP	[M+H]+	611.2	610.19	1	N/A	N/A	O=C1C2=C(O)C=C(OC3OC(CO)C(O)C(O)C3OC4OC(C)C(O)C(O)C4O)C=C2OC(C5=CC=C(OC)C(O)=C5)C1	InChI=1S/C28H34O15/c1-10-21(33)23(35)25(37)27(39-10)43-26-24(36)22(34)19(9-29)42-28(26)40-12-6-14(31)20-15(32)8-17(41-18(20)7-12)11-3-4-16(38-2)13(30)5-11/h3-7,10,17,19,21-31,33-37H,8-9H2,1-2H3	N/A	1	Positive	UPDATE-SINGLE-ANNOTATED-GOLD	Gold	2578	spectra_filtered/specs_ms.mgf	lib-00042.mgf	0.403114	BMDMS-NP	38410000.0	1338.97	25.864	6	0.015808100000000002	611.2	611.184	1	spectra_filtered/specs_ms.mgf2578	1		0	0	ARGKVCXINMKCAZ-UHFFFAOYSA-N	ARGKVCXINMKCAZ	N/A	N/A	N/A	Flavonoids	Flavanones	Shikimates and Phenylpropanoids
CCMSLIB00011436050	putrescine-C17:1	ESI	Orbitrap	Commercial	Dorrestein	Ipsita	M+H	339.337	338.33	1	N/A	N/A	O=C(NCCCCN)CCCCCCCCC=CCCCCCC	InChI=1S/C21H42N2O/c1-2-3-4-5-6-7-8-9-10-11-12-13-14-15-18-21(24)23-20-17-16-19-22/h7-8H,2-6,9-20,22H2,1H3,(H,23,24)	N/A	1	Positive	UPDATE-SINGLE-ANNOTATED-GOLD	Gold	1952	spectra_filtered/specs_ms.mgf	lib-00039.mgf	0.37764200000000003	ECG-ACYL-AMIDES-C4-C24-LIBRARY	97760000.0	1087.79	23.5624	6	0.00799561	339.337	339.345	1	spectra_filtered/specs_ms.mgf1952	1		0	0	VFXKDIAYAPMRHC-UHFFFAOYSA-N	VFXKDIAYAPMRHC	N/A	N/A	N/A	Fatty amides	N-acyl amines	Fatty acids
CCMSLIB00010076658	TG(18:3/18:3/22:4); [M+NH4]+ C61H102N1O6	LC-ESI	HCD; Velos	Commercial	Thomas Metz	Thomas Metz	M+NH4	944.771	0.0	1	N/A	N/A	N/A	N/A	N/A	1	Positive	UPDATE-SINGLE-ANNOTATED-GOLD	Gold	2371	spectra_filtered/specs_ms.mgf	lib-00017.mgf	0.37148600000000004	PNNL-LIPIDS-POSITIVE	11950000.0	1243.6	18.9287	7	0.0178833	944.771	944.753	1	spectra_filtered/specs_ms.mgf2371	1		0	0	N/A	N/A	N/A	N/A	N/A	N/A	N/A	N/A
CCMSLIB00005721192	NCGC00180261-02!1,11,21-trihydroxy-1,6,11,16,21,26-hexazacyclohentriacontane-2,5,12,15,22,25-hexone [IIN-based: Match]	LC-ESI	qTof	Commercial	Pieter Dorrestein	lfnothias/robinschmid	[M+H]+	573.326	572.317	1	N/A	N/A	ON1CCCCCNC(=O)CCC(=O)N(O)CCCCNC(=O)CCC(=O)N(O)CCCCNC(=O)CCC1=O	InChI=1S/C25H44N6O9/c32-20-8-12-24(36)30(39)18-6-4-16-28-22(34)10-13-25(37)31(40)19-7-3-15-27-21(33)9-11-23(35)29(38)17-5-1-2-14-26-20/h38-40H,1-19H2,(H,26,32)(H,27,33)(H,28,34)	N/A	3	Positive	UPDATE-SINGLE-ANNOTATED-BRONZE	Bronze	122	spectra_filtered/specs_ms.mgf	lib-00051.mgf	0.347567	GNPS-NIH-NATURALPRODUCTSLIBRARY_ROUND2_POSITIVE	49310000.0	425.426	3.3002	8	0.00189209	573.326	573.3240000000001	1	spectra_filtered/specs_ms.mgf122	1		0	0	YEUGMACLLZSLDG-UHFFFAOYSA-N	YEUGMACLLZSLDG	N/A	N/A	N/A	Oligopeptides	Cyclic peptides	Amino acids and Peptides
CCMSLIB00004710741	7-[(2S,3R,4S,5S,6R)-4,5-dihydroxy-6-(hydroxymethyl)-3-[(2S,3R,4R,5R,6S)-3,4,5-trihydroxy-6-methyloxan-2-yl]oxyoxan-2-yl]oxy-5-hydroxy-2-(4-hydroxyphenyl)-3-[(2S,3R,4S,5S,6R)-3,4,5-trihydroxy-6-[[(2S,3R,4R,5R,6S)-3,4,5-trihydroxy-6-methyloxan-2-yl]oxymethyl]oxan-2-yl]oxychromen-4-one	N/A	ESI-QFT	isolated	MoNA	MoNA:VF-NPL-QEHF019678	[M+Na]+	925.258	0.0	1	N/A	N/A	N/A	InChI=1S/C39H50O24/c1-11-21(43)26(48)30(52)36(56-11)55-10-19-24(46)28(50)32(54)38(61-19)62-34-25(47)20-16(42)7-15(8-17(20)59-33(34)13-3-5-14(41)6-4-13)58-39-35(29(51)23(45)18(9-40)60-39)63-37-31(53)27(49)22(44)12(2)57-37/h3-8,11-12,18-19,21-24,26-32,35-46,48-54H,9-10H2,1-2H3/t11-,12-,18+,19+,21-,22-,23+,24+,26+,27+,28-,29-,30+,31+,32+,35+,36+,37-,38-,39+/m0/s1	N/A	3	positive	UPDATE-SINGLE-ANNOTATED-BRONZE	Bronze	2529	spectra_filtered/specs_ms.mgf	lib-00003.mgf	0.329436	MONA	19650000.0	1320.59	11.3461	9	0.010498	925.258	925.268	1	spectra_filtered/specs_ms.mgf2529	1		0	0	UKLPMOHKLUPGON-JEXZMAAQSA-N	UKLPMOHKLUPGON	N/A	N/A	N/A	N/A	N/A	N/A
CCMSLIB00005724700	(2Z,6S)-6-[(1S,3aS,9aR,11aS)-3a,6,6,9a,11a-pentamethyl-7-oxo-1H,2H,3H,3aH,5H,5aH,6H,7H,8H,9H,9aH,9bH,10H,11H,11aH-cyclopenta[a]phenanthren-1-yl]-2-methylhept-2-enoic acid	ESI	Orbitrap	Isolated	Wolfender	Luis Quiros-Guerrero	2M+H	909.697	454.345	1	N/A	N/A	C[C@@H](CC/C=C(/C)\C(O)=O)[C@H](CC1)[C@@]2(C)[C@@]1(C)C1=CCC(C(C)(C)C(CC3)=O)[C@@]3(C)C1CC2	InChI=1S/C30H46O3/c1-19(9-8-10-20(2)26(32)33)21-13-17-30(7)23-11-12-24-27(3,4)25(31)15-16-28(24,5)22(23)14-18-29(21,30)6/h10-11,19,21-22,24H,8-9,12-18H2,1-7H3,(H,32,33)/t19-,21+,22?,24?,28+,29-,30+/m0/s1	N/A	1	Positive	UPDATE-SINGLE-ANNOTATED-GOLD	Gold	2496	spectra_filtered/specs_ms.mgf	lib-00045.mgf	0.295056	GNPS-LIBRARY	53850000.0	1307.59	18.2496	6	0.016601599999999998	909.697	909.7139999999999	1	spectra_filtered/specs_ms.mgf2496	1		0	0	VOYZLKWKVLYJHD-KXZUVUMOSA-N	VOYZLKWKVLYJHD	N/A	N/A	N/A	Triterpenoids	Lanostane, Tirucallane and Euphane triterpenoids	Terpenoids
CCMSLIB00004704949	Deoxycholic Acid	N/A	ESI-QFT	isolated	MoNA	MoNA:VF-NPL-QEHF013886	[M+H]+	393.3	0.0	1	N/A	N/A	N/A	InChI=1S/C24H40O4/c1-14(4-9-22(27)28)18-7-8-19-17-6-5-15-12-16(25)10-11-23(15,2)20(17)13-21(26)24(18,19)3/h14-21,25-26H,4-13H2,1-3H3,(H,27,28)/t14-,15-,16-,17+,18-,19+,20+,21+,23+,24-/m1/s1	N/A	3	positive	UPDATE-SINGLE-ANNOTATED-BRONZE	Bronze	488	spectra_filtered/specs_ms.mgf	lib-00003.mgf	0.294171	MONA	31110000.0	674.948	27.0026	6	0.0106201	393.3	393.311	1	spectra_filtered/specs_ms.mgf488	1		13	284	KXGVEGMKQFWNSR-LLQZFEROSA-N	KXGVEGMKQFWNSR	N/A	N/A	N/A	N/A	N/A	N/A
CCMSLIB00004704949	Deoxycholic Acid	N/A	ESI-QFT	isolated	MoNA	MoNA:VF-NPL-QEHF013886	[M+H]+	393.3	0.0	1	N/A	N/A	N/A	InChI=1S/C24H40O4/c1-14(4-9-22(27)28)18-7-8-19-17-6-5-15-12-16(25)10-11-23(15,2)20(17)13-21(26)24(18,19)3/h14-21,25-26H,4-13H2,1-3H3,(H,27,28)/t14-,15-,16-,17+,18-,19+,20+,21+,23+,24-/m1/s1	N/A	3	positive	UPDATE-SINGLE-ANNOTATED-BRONZE	Bronze	473	spectra_filtered/specs_ms.mgf	lib-00003.mgf	0.27915100000000004	MONA	31390000.0	656.825	27.7785	6	0.010925299999999999	393.3	393.311	1	spectra_filtered/specs_ms.mgf473	1		13	284	KXGVEGMKQFWNSR-LLQZFEROSA-N	KXGVEGMKQFWNSR	N/A	N/A	N/A	N/A	N/A	N/A
CCMSLIB00003137832	Spectral Match to 1-Palmitoyl-2-oleoyl-sn-glycerol from NIST14	ESI	HCD	Isolated	Data from Katrina Waters;Yoshihiro Kawaoka;Richard Smith;Thomas Metz;Ralph Baric	Data deposited by alchemistmatt	M+Na	617.508	0.0	1	29541660	N/A	N/A	N/A	N/A	3	Positive	UPDATE-SINGLE-ANNOTATED-BRONZE	Bronze	1437	spectra_filtered/specs_ms.mgf	lib-00018.mgf	0.222683	GNPS-NIST14-MATCHES	22040000.0	957.775	8.10497	6	0.00500488	617.508	617.513	1	spectra_filtered/specs_ms.mgf1437	1		77	2283	N/A	N/A	N/A	N/A	N/A	N/A	N/A	N/A
