sample_name,filepath
Indice_Actinos_Control_HP20_SFM_1.mzML,Indice_Actinos_Control_HP20_SFM_1.mzML
Indice_Actinos_Control_HP20_SFM_3.mzML,Indice_Actinos_Control_HP20_SFM_3.mzML
Indice_Actinos_Control_HP20_SFM_2.mzML,Indice_Actinos_Control_HP20_SFM_2.mzML
Indice_Actinos_HP20_SFM_Rhodococcus171_1.mzML,Indice_Actinos_HP20_SFM_Rhodococcus171_1.mzML
Indice_Actinos_Control_HP20_SFM_4.mzML,Indice_Actinos_Control_HP20_SFM_4.mzML
Indice_Actinos_HP20_SFM_Rhodococcus171_2.mzML,Indice_Actinos_HP20_SFM_Rhodococcus171_2.mzML
Indice_Actinos_HP20_SFM_Rhodococcus171_3.mzML,Indice_Actinos_HP20_SFM_Rhodococcus171_3.mzML
Indice_Actinos_HP20_SFM_Rhodococcus171_4.mzML,Indice_Actinos_HP20_SFM_Rhodococcus171_4.mzML
Indice_Actinos_HP20_SFM_Upala1_1.mzML,Indice_Actinos_HP20_SFM_Upala1_1.mzML
Indice_Actinos_HP20_SFM_Upala1_2.mzML,Indice_Actinos_HP20_SFM_Upala1_2.mzML
Indice_Actinos_HP20_SFM_Upala1_3.mzML,Indice_Actinos_HP20_SFM_Upala1_3.mzML
Indice_Actinos_HP20_SFM_Upala1_4.mzML,Indice_Actinos_HP20_SFM_Upala1_4.mzML
Indice_Actinos_HP20_SFM_Upala2_1.mzML,Indice_Actinos_HP20_SFM_Upala2_1.mzML
Indice_Actinos_HP20_SFM_Upala2_2.mzML,Indice_Actinos_HP20_SFM_Upala2_2.mzML
Indice_Actinos_HP20_SFM_Upala2_3.mzML,Indice_Actinos_HP20_SFM_Upala2_3.mzML
